Fecha,Vendedor,Sede,Rubro,Marca,Importe,Comision_x_venta,Fecha_Venta,Satisfaccion_Cliente,Prioridad_Pedido,Fecha_Venta_Respaldo
10/02/2022,Juliet Glynne,Paternal,Equipos De Video,Wacom,381291.0,17243,2026-05-10,1,1,2026/05/10
17/02/2022,Mufi Panchin,Ezeiza,Notebook,Samsung,111535.0,16691,,3,2,12-05-2026
14/04/2022,Constantine Creeber,Villa Bosch,Equipos De Video,Kensington,418512.0,20934,2026-05-15,3,3,2026/05/15
23/03/2022,Pennie Hess,Palermo,Tv,Engel,236222.0,17952,,4,1,18-05-2026
28/03/2022,Timmy Ashlin,Villa Crespo,Electrodomésticos,Kensington,266683.0,18070,2026-05-10,2,2,2026/05/10
14/02/2022,Mufi Panchin,Villa Crespo,Equipos De Video,Nord,450000.0,23521,,2,3,12-05-2026
13/03/2022,Pennie Hess,Paternal,Pc Armada,Millenium,429052.0,18021,2026-05-15,4,1,2026/05/15
29/01/2022,Cecil Apted,Ezpeleta,Equipos De Video,Nord,117378.0,22222,,5,2,18-05-2026
21/05/2022,Cecil Apted,Paternal,Tv,Samsonite,120941.0,17633,,1,1,12-05-2026
12/01/2022,Constantine Creeber,Villa Bosch,Equipos De Audio,Trust,373947.0,20175,2026-05-15,3,2,2026/05/15
04/04/2022,Pennie Hess,San Martín,Tv,Kensington,433778.0,21223,,2,3,18-05-2026
31/03/2022,Ursuline Castilla,Recoleta,Tv,Wacom,436451.0,18792,2026-05-10,4,1,2026/05/10
23/03/2022,Arvin Bernhardi,Ezeiza,Notebook,Wacom,228947.0,19225,,4,2,12-05-2026
28/03/2022,Barde Benoist,Recoleta,Pc Armada,Wacom,415619.0,19489,2026-05-15,5,3,2026/05/15
15/06/2022,Barde Benoist,Chacarita,Pc Armada,Kensington,351072.0,22803,,5,1,18-05-2026
25/04/2022,Pennie Hess,Floresta,Tv,Startech,307800.0,20638,2026-05-10,2,2,2026/05/10
06/01/2022,Em Edmonson,Avellaneda,Equipos De Video,Belkin,237048.0,18998,,5,3,12-05-2026
12/06/2022,Mufi Panchin,Paternal,Equipos De Video,Synology,123809.0,24915,2026-05-15,5,1,2026/05/15
12/04/2022,Christel Zambonini,Ezeiza,Notebook,Vodafone,373789.0,16643,,4,2,18-05-2026
10/02/2022,Dallis Beefon,Ezpeleta,Notebook,LG,303478.0,25039,2026-05-10,1,3,2026/05/10
24/05/2022,Barde Benoist,Villa Soldati,Tv,Engel,140042.0,23773,,5,1,12-05-2026
03/05/2022,Arvin Bernhardi,Ezpeleta,Equipos De Audio,Access,199369.0,19987,2026-05-15,5,2,2026/05/15
20/04/2022,Arvin Bernhardi,Villa Crespo,Electrodomésticos,Huawei,405254.0,19457,,2,3,18-05-2026
25/03/2022,Pennie Hess,Villa Crespo,Notebook,Access,411973.0,22624,2026-05-10,2,1,2026/05/10
04/06/2022,Timmy Ashlin,Ezpeleta,Electrodomésticos,Millenium,126234.0,17707,,5,2,12-05-2026
22/02/2022,Em Edmonson,Boedo,Electrodomésticos,Kensington,458417.0,19182,2026-05-15,4,3,2026/05/15
01/01/2022,Cecil Apted,Paternal,Tv,Samsonite,403656.0,18409,,2,1,18-05-2026
16/04/2022,Em Edmonson,Boedo,Tv,Millenium,393651.0,16621,2026-05-10,1,2,2026/05/10
15/05/2022,Constantine Creeber,Villa Bosch,Equipos De Video,LG,268465.0,23117,,5,3,12-05-2026
26/03/2022,Timmy Ashlin,Avellaneda,Equipos De Video,Samsung,127172.0,17334,2026-05-15,1,1,2026/05/15
22/05/2022,Dorotea Brandolini,Chacarita,Electrodomésticos,Samsung,184064.0,17813,,1,2,18-05-2026
05/04/2022,Humfried Woodberry,Avellaneda,Equipos De Audio,Kensington,112900.0,18826,2026-05-10,1,3,2026/05/10
28/03/2022,Barde Benoist,Villa Crespo,Tv,LG,117317.0,18603,,5,1,12-05-2026
14/05/2022,Dallis Beefon,Villa Soldati,Notebook,Digitus,175575.0,19406,2026-05-15,2,2,2026/05/15
03/06/2022,Christel Zambonini,San Nicolás,Electrodomésticos,Corsair,389943.0,23160,,3,3,18-05-2026
27/05/2022,Pennie Hess,Ezeiza,Pc Armada,Netgear,191014.0,16586,2026-05-10,5,1,2026/05/10
09/03/2022,Ursuline Castilla,San Nicolás,Pc Armada,Conceptronic,347694.0,19038,,3,2,12-05-2026
12/01/2022,Christel Zambonini,Ezpeleta,Equipos De Video,Samsonite,131334.0,24481,2026-05-15,4,3,2026/05/15
20/05/2022,Timmy Ashlin,San Martín,Electrodomésticos,Netgear,456792.0,16928,,5,1,18-05-2026
09/01/2022,Juliet Glynne,Recoleta,Equipos De Video,Samsung,230299.0,20549,2026-05-10,5,2,2026/05/10
16/05/2022,Constantine Creeber,Villa Bosch,Electrodomésticos,Engel,398517.0,22402,,4,3,12-05-2026
12/05/2022,Dorotea Brandolini,San Martín,Electrodomésticos,Trust,218943.0,17353,2026-05-15,2,1,2026/05/15
19/06/2022,Arvin Bernhardi,Villa Crespo,Equipos De Audio,Startech,291202.0,22044,,2,2,18-05-2026
17/04/2022,Constantine Creeber,Floresta,Notebook,Belkin,421476.0,21783,2026-05-10,5,3,2026/05/10
08/06/2022,Constantine Creeber,Chacarita,Equipos De Video,Trust,282086.0,19469,,5,1,12-05-2026
14/05/2022,Humfried Woodberry,Ezeiza,Equipos De Video,Trust,122223.0,19048,2026-05-15,1,2,2026/05/15
04/06/2022,Humfried Woodberry,San Martín,Electrodomésticos,Kensington,190782.0,19106,,3,3,18-05-2026
14/04/2022,Em Edmonson,Ezpeleta,Electrodomésticos,LG,402211.0,19523,2026-05-10,2,1,2026/05/10
19/03/2022,Em Edmonson,Avellaneda,Electrodomésticos,Xiaomi,342281.0,22409,,5,2,12-05-2026
24/03/2022,Humfried Woodberry,Ezpeleta,Notebook,Wacom,407731.0,24685,2026-05-15,5,3,2026/05/15
07/01/2022,Constantine Creeber,San Martín,Tv,Conceptronic,408492.0,22607,,2,1,18-05-2026
02/01/2022,Constantine Creeber,Paternal,Pc Armada,Startech,158190.0,23341,2026-05-10,2,2,2026/05/10
22/05/2022,Cecil Apted,Palermo,Equipos De Video,LG,103230.0,18108,,3,3,12-05-2026
04/05/2022,Juliet Glynne,San Nicolás,Notebook,Samsung,134011.0,21476,2026-05-15,5,1,2026/05/15
07/01/2022,Ursuline Castilla,Boedo,Tv,Samsonite,382788.0,18869,,2,2,18-05-2026
31/01/2022,Pennie Hess,Floresta,Pc Armada,Samsung,110603.0,21201,2026-05-10,3,3,2026/05/10
30/04/2022,Em Edmonson,Chacarita,Tv,Conceptronic,306870.0,17925,,4,1,12-05-2026
20/05/2022,Dallis Beefon,Palermo,Equipos De Audio,Huawei,284911.0,20543,2026-05-15,1,2,2026/05/15
04/06/2022,Arvin Bernhardi,Avellaneda,Equipos De Video,Access,342078.0,21565,,4,3,18-05-2026
13/03/2022,Juliet Glynne,Paternal,Equipos De Audio,Corsair,454207.0,24118,2026-05-10,1,1,2026/05/10
07/04/2022,Ursuline Castilla,Avellaneda,Electrodomésticos,Vodafone,251916.0,22146,,5,2,12-05-2026
03/01/2022,Arvin Bernhardi,Palermo,Pc Armada,Engel,342086.0,17087,2026-05-15,2,3,2026/05/15
17/03/2022,Pennie Hess,Villa Crespo,Electrodomésticos,Samsonite,122596.0,18454,,1,1,18-05-2026
05/01/2022,Juliet Glynne,San Nicolás,Notebook,Ubiquity,171551.0,17880,2026-05-10,3,2,2026/05/10
30/04/2022,Humfried Woodberry,San Nicolás,Electrodomésticos,Samsonite,356111.0,24496,,1,3,12-05-2026
01/04/2022,Arvin Bernhardi,Ezeiza,Electrodomésticos,Xiaomi,358536.0,19742,2026-05-15,3,1,2026/05/15
26/02/2022,Dorotea Brandolini,Flores,Equipos De Audio,Wacom,371650.0,23015,,1,2,18-05-2026
01/03/2022,Barde Benoist,Chacarita,Tv,Conceptronic,379486.0,17518,2026-05-10,3,3,2026/05/10
31/03/2022,Mufi Panchin,Palermo,Equipos De Video,Xiaomi,409249.0,22388,,4,1,12-05-2026
25/04/2022,Dorotea Brandolini,Villa Bosch,Tv,Kensington,191134.0,19735,2026-05-15,2,2,2026/05/15
23/06/2022,Constantine Creeber,Villa Bosch,Electrodomésticos,LG,127163.0,25461,,2,3,18-05-2026
26/06/2022,Angelita Lambkin,Avellaneda,Tv,Samsung,191918.0,20931,2026-05-10,5,1,2026/05/10
23/06/2022,Dallis Beefon,Palermo,Tv,Corsair,179382.0,21507,,4,2,12-05-2026
11/06/2022,Arvin Bernhardi,Avellaneda,Electrodomésticos,Huawei,338227.0,23294,2026-05-15,2,3,2026/05/15
02/06/2022,Timmy Ashlin,Villa Bosch,Notebook,Engel,407107.0,17339,,4,1,18-05-2026
24/05/2022,Juliet Glynne,Palermo,Equipos De Audio,LG,102925.0,17838,2026-05-10,4,2,2026/05/10
07/06/2022,Angelita Lambkin,Avellaneda,Notebook,Digitus,348242.0,22654,,2,3,12-05-2026
20/06/2022,Timmy Ashlin,Chacarita,Equipos De Audio,Engel,132719.0,24930,2026-05-15,3,1,2026/05/15
25/04/2022,Dallis Beefon,San Martín,Pc Armada,Wacom,397691.0,18491,,1,2,18-05-2026
30/04/2022,Barde Benoist,Avellaneda,Pc Armada,Nord,221872.0,23079,2026-05-10,5,3,2026/05/10
31/05/2022,Mufi Panchin,Recoleta,Notebook,Belkin,428778.0,19145,,4,1,12-05-2026
25/05/2022,Humfried Woodberry,Ezeiza,Equipos De Audio,Access,456984.0,22913,2026-05-15,2,2,2026/05/15
07/02/2022,Barde Benoist,San Martín,Electrodomésticos,Netgear,160845.0,17618,,2,3,18-05-2026
19/06/2022,Em Edmonson,Ezpeleta,Notebook,Ubiquity,343887.0,23304,2026-05-10,4,1,2026/05/10
22/04/2022,Juliet Glynne,Villa Soldati,Equipos De Audio,Samsonite,299459.0,17954,,2,2,12-05-2026
14/02/2022,Barde Benoist,Villa Soldati,Pc Armada,Kensington,310928.0,17734,2026-05-15,1,3,2026/05/15
17/01/2022,Arvin Bernhardi,San Nicolás,Equipos De Audio,Digitus,163434.0,21101,,5,1,18-05-2026
08/03/2022,Angelita Lambkin,Boedo,Electrodomésticos,Toshiba,454083.0,21393,2026-05-10,4,2,2026/05/10
13/01/2022,Juliet Glynne,San Nicolás,Equipos De Audio,Startech,268852.0,22245,,1,3,12-05-2026
18/04/2022,Timmy Ashlin,Villa Soldati,Pc Armada,Conceptronic,168190.0,24680,2026-05-15,2,1,2026/05/15
26/06/2022,Em Edmonson,Ezeiza,Equipos De Audio,Corsair,346169.0,18060,,4,2,18-05-2026
11/02/2022,Christel Zambonini,Floresta,Notebook,Engel,282532.0,21905,2026-05-10,4,3,2026/05/10
14/06/2022,Dorotea Brandolini,Avellaneda,Equipos De Video,Corsair,382297.0,22925,,4,1,12-05-2026
01/06/2022,Dorotea Brandolini,Recoleta,Pc Armada,Ubiquity,422995.0,21483,2026-05-15,3,2,2026/05/15
13/02/2022,Dallis Beefon,Boedo,Equipos De Video,Conceptronic,297247.0,17559,,3,3,18-05-2026
02/02/2022,Dallis Beefon,Chacarita,Tv,Startech,121971.0,23122,2026-05-10,3,1,2026/05/10
07/05/2022,Mufi Panchin,Boedo,Equipos De Audio,Wacom,412488.0,20422,,2,2,12-05-2026
25/04/2022,Barde Benoist,Villa Crespo,Electrodomésticos,Ubiquity,168398.0,21850,2026-05-15,2,3,2026/05/15
03/01/2022,Arvin Bernhardi,Ezpeleta,Equipos De Video,Trust,441349.0,17774,,4,1,18-05-2026
17/06/2022,Constantine Creeber,Avellaneda,Tv,Digitus,173999.0,16842,2026-05-10,3,2,2026/05/10
11/03/2022,Arvin Bernhardi,Floresta,Equipos De Audio,Trust,449101.0,19223,,5,3,12-05-2026
30/04/2022,Mufi Panchin,Paternal,Equipos De Audio,Digitus,162204.0,21732,2026-05-15,1,1,2026/05/15
28/04/2022,Christel Zambonini,Avellaneda,Equipos De Video,Trust,180891.0,16730,,4,2,18-05-2026
17/05/2022,Timmy Ashlin,Paternal,Pc Armada,Toshiba,275685.0,20609,2026-05-10,5,3,2026/05/10
29/04/2022,Constantine Creeber,Paternal,Pc Armada,Xiaomi,196929.0,23185,,2,1,12-05-2026
29/05/2022,Dorotea Brandolini,Paternal,Notebook,Xiaomi,266982.0,21307,2026-05-15,3,2,2026/05/15
15/02/2022,Constantine Creeber,Paternal,Tv,Netgear,423634.0,23886,,2,3,18-05-2026
12/01/2022,Arvin Bernhardi,Villa Soldati,Equipos De Audio,Engel,405733.0,20817,2026-05-10,5,1,2026/05/10
16/01/2022,Ursuline Castilla,Villa Crespo,Equipos De Video,Millenium,154641.0,20191,,3,2,12-05-2026
13/06/2022,Dallis Beefon,Boedo,Tv,Belkin,190235.0,22096,2026-05-15,2,3,2026/05/15
16/02/2022,Juliet Glynne,Ezpeleta,Notebook,Samsonite,200836.0,19056,,1,1,18-05-2026
08/01/2022,Arvin Bernhardi,San Nicolás,Equipos De Audio,Huawei,436478.0,24613,2026-05-10,2,2,2026/05/10
14/04/2022,Angelita Lambkin,San Martín,Electrodomésticos,Startech,222467.0,21461,,2,3,12-05-2026
13/06/2022,Em Edmonson,San Martín,Equipos De Video,Samsonite,101603.0,24203,2026-05-15,2,1,2026/05/15
12/04/2022,Timmy Ashlin,Ezeiza,Tv,Samsonite,113816.0,19650,,1,2,18-05-2026
12/05/2022,Mufi Panchin,Avellaneda,Electrodomésticos,Xiaomi,341082.0,17605,2026-05-10,2,3,2026/05/10
09/05/2022,Pennie Hess,Recoleta,Notebook,Toshiba,291808.0,17059,,2,1,12-05-2026
21/02/2022,Timmy Ashlin,Villa Crespo,Pc Armada,Kensington,363534.0,18621,2026-05-15,3,2,2026/05/15
23/05/2022,Christel Zambonini,Chacarita,Tv,Huawei,309398.0,18283,,1,3,18-05-2026
21/01/2022,Constantine Creeber,Palermo,Equipos De Video,Xiaomi,145298.0,19986,2026-05-10,5,1,2026/05/10
15/04/2022,Ursuline Castilla,Boedo,Notebook,Conceptronic,150341.0,20089,,2,2,12-05-2026
22/04/2022,Dallis Beefon,Ezeiza,Equipos De Video,Toshiba,175718.0,18173,2026-05-15,4,3,2026/05/15
04/03/2022,Angelita Lambkin,Chacarita,Equipos De Video,Startech,182749.0,18787,,2,1,18-05-2026
19/02/2022,Barde Benoist,Ezpeleta,Equipos De Video,Conceptronic,412934.0,16817,2026-05-10,3,2,2026/05/10
13/05/2022,Ursuline Castilla,Boedo,Tv,Belkin,397500.0,24366,,1,3,12-05-2026
17/01/2022,Juliet Glynne,San Martín,Electrodomésticos,Samsonite,432956.0,21750,2026-05-15,3,1,2026/05/15
17/01/2022,Christel Zambonini,Paternal,Equipos De Audio,Conceptronic,196933.0,20819,,1,2,18-05-2026
14/06/2022,Ursuline Castilla,Villa Soldati,Equipos De Audio,Huawei,355170.0,18295,2026-05-10,1,3,2026/05/10
23/04/2022,Humfried Woodberry,Palermo,Tv,Kensington,350958.0,21820,,5,1,12-05-2026
16/01/2022,Cecil Apted,Flores,Notebook,Synology,323093.0,24838,2026-05-15,3,2,2026/05/15
22/05/2022,Constantine Creeber,Ezpeleta,Notebook,Engel,335355.0,24650,,4,3,18-05-2026
05/05/2022,Mufi Panchin,Flores,Tv,Belkin,173532.0,17566,2026-05-10,4,1,2026/05/10
08/05/2022,Juliet Glynne,Recoleta,Tv,Samsonite,285827.0,20286,,4,2,12-05-2026
13/05/2022,Cecil Apted,Flores,Notebook,Conceptronic,101846.0,23621,2026-05-15,1,3,2026/05/15
28/06/2022,Constantine Creeber,Boedo,Pc Armada,Trust,101060.0,17473,,1,1,18-05-2026
29/04/2022,Juliet Glynne,Palermo,Tv,Ubiquity,320504.0,20684,2026-05-10,1,2,2026/05/10
06/06/2022,Barde Benoist,San Martín,Notebook,Xiaomi,412415.0,17213,,4,3,12-05-2026
14/06/2022,Timmy Ashlin,Ezeiza,Notebook,Samsonite,246705.0,24515,2026-05-15,1,1,2026/05/15
18/03/2022,Dorotea Brandolini,Villa Crespo,Notebook,Xiaomi,165589.0,19241,,1,2,18-05-2026
30/05/2022,Dallis Beefon,Paternal,Pc Armada,Xiaomi,386682.0,16774,2026-05-10,4,3,2026/05/10
22/01/2022,Barde Benoist,Flores,Tv,Huawei,163756.0,22911,,1,1,12-05-2026
20/05/2022,Humfried Woodberry,Villa Crespo,Equipos De Audio,Nord,333025.0,23827,2026-05-15,3,2,2026/05/15
27/02/2022,Mufi Panchin,Villa Crespo,Pc Armada,Xiaomi,127575.0,18065,,2,3,18-05-2026
22/06/2022,Constantine Creeber,Villa Soldati,Equipos De Video,Belkin,282138.0,16651,2026-05-10,4,1,2026/05/10
08/02/2022,Humfried Woodberry,Floresta,Equipos De Video,Digitus,185420.0,17299,,4,2,12-05-2026
08/04/2022,Pennie Hess,Boedo,Notebook,Huawei,308725.0,17757,2026-05-15,3,3,2026/05/15
01/02/2022,Juliet Glynne,Boedo,Tv,Nord,336451.0,23060,,5,1,18-05-2026
26/06/2022,Barde Benoist,Villa Soldati,Equipos De Audio,Huawei,341173.0,20733,2026-05-10,1,2,2026/05/10
03/05/2022,Ursuline Castilla,San Nicolás,Tv,Engel,277699.0,20318,,5,3,12-05-2026
11/04/2022,Juliet Glynne,Villa Soldati,Equipos De Audio,Millenium,166213.0,22510,2026-05-15,2,1,2026/05/15
30/01/2022,Angelita Lambkin,Palermo,Pc Armada,Nord,292827.0,19112,,3,2,18-05-2026
27/01/2022,Em Edmonson,Ezeiza,Notebook,Millenium,279883.0,21717,2026-05-10,2,3,2026/05/10
17/01/2022,Cecil Apted,Chacarita,Equipos De Video,Corsair,406709.0,22873,,3,1,12-05-2026
09/01/2022,Timmy Ashlin,Ezeiza,Tv,Corsair,209369.0,18132,2026-05-15,1,2,2026/05/15
09/01/2022,Christel Zambonini,Paternal,Tv,Conceptronic,263812.0,24517,,2,3,18-05-2026
03/02/2022,Humfried Woodberry,Villa Crespo,Notebook,LG,346635.0,18307,2026-05-10,4,1,2026/05/10
18/06/2022,Dorotea Brandolini,Villa Crespo,Tv,Ubiquity,152519.0,19664,,3,2,12-05-2026
25/06/2022,Barde Benoist,Villa Soldati,Tv,Kensington,434483.0,24435,2026-05-15,5,3,2026/05/15
05/01/2022,Christel Zambonini,Villa Soldati,Notebook,Startech,320329.0,17712,,5,1,18-05-2026
26/06/2022,Arvin Bernhardi,Recoleta,Pc Armada,Nord,126240.0,19316,2026-05-10,1,2,2026/05/10
18/03/2022,Cecil Apted,Ezpeleta,Pc Armada,Trust,194245.0,21829,,2,3,12-05-2026
13/06/2022,Dallis Beefon,Ezeiza,Equipos De Video,Startech,370656.0,21542,2026-05-15,3,1,2026/05/15
16/04/2022,Humfried Woodberry,Flores,Pc Armada,Startech,423604.0,25455,,4,2,18-05-2026
30/05/2022,Juliet Glynne,Flores,Notebook,LG,114418.0,19751,2026-05-10,5,3,2026/05/10
13/02/2022,Dorotea Brandolini,Boedo,Notebook,Conceptronic,257964.0,25016,,4,1,12-05-2026
01/05/2022,Angelita Lambkin,Avellaneda,Equipos De Video,Wacom,183177.0,17066,2026-05-15,3,2,2026/05/15
25/02/2022,Pennie Hess,Avellaneda,Pc Armada,Xiaomi,117714.0,17295,,1,3,18-05-2026
01/05/2022,Em Edmonson,Paternal,Notebook,Access,390871.0,17542,2026-05-10,3,1,2026/05/10
22/04/2022,Constantine Creeber,Ezeiza,Pc Armada,Vodafone,134588.0,18823,,5,2,12-05-2026
02/04/2022,Timmy Ashlin,San Martín,Equipos De Video,Samsonite,314698.0,17116,2026-05-15,4,3,2026/05/15
06/03/2022,Dallis Beefon,Paternal,Electrodomésticos,Huawei,273085.0,24891,,1,1,18-05-2026
23/06/2022,Cecil Apted,Ezpeleta,Notebook,Nord,402640.0,24550,2026-05-10,3,2,2026/05/10
03/05/2022,Christel Zambonini,Ezpeleta,Equipos De Audio,LG,144422.0,22682,,5,3,12-05-2026
09/03/2022,Constantine Creeber,Floresta,Pc Armada,Nord,146250.0,18598,2026-05-15,3,1,2026/05/15
07/05/2022,Constantine Creeber,Paternal,Notebook,Corsair,276359.0,25317,,3,2,18-05-2026
15/04/2022,Em Edmonson,Boedo,Notebook,Xiaomi,392879.0,21539,2026-05-10,2,3,2026/05/10
27/03/2022,Constantine Creeber,Palermo,Electrodomésticos,Synology,433589.0,19955,,5,1,12-05-2026
13/06/2022,Humfried Woodberry,Villa Bosch,Pc Armada,Conceptronic,215316.0,17720,2026-05-15,1,2,2026/05/15
25/06/2022,Barde Benoist,Chacarita,Equipos De Video,Trust,281478.0,25065,,1,3,18-05-2026
05/01/2022,Cecil Apted,Recoleta,Notebook,Access,328255.0,23845,2026-05-10,3,1,2026/05/10
18/01/2022,Angelita Lambkin,Boedo,Notebook,Samsonite,393832.0,24228,,2,2,12-05-2026
16/05/2022,Timmy Ashlin,Paternal,Pc Armada,Ubiquity,411743.0,21245,2026-05-15,1,3,2026/05/15
01/01/2022,Barde Benoist,Floresta,Tv,Synology,122454.0,21318,,4,1,18-05-2026
13/06/2022,Cecil Apted,Villa Bosch,Equipos De Video,Trust,344028.0,16751,2026-05-10,1,2,2026/05/10
05/05/2022,Arvin Bernhardi,Ezeiza,Equipos De Audio,Belkin,221854.0,16759,,5,3,12-05-2026
11/02/2022,Humfried Woodberry,Palermo,Notebook,Digitus,458943.0,23360,2026-05-15,4,1,2026/05/15
23/01/2022,Em Edmonson,Villa Soldati,Electrodomésticos,Netgear,426406.0,17616,,3,2,18-05-2026
08/03/2022,Barde Benoist,Villa Bosch,Equipos De Video,Huawei,120745.0,16947,2026-05-10,3,3,2026/05/10
01/02/2022,Ursuline Castilla,Ezpeleta,Equipos De Video,Ubiquity,277571.0,22362,,3,1,12-05-2026
07/02/2022,Em Edmonson,Palermo,Electrodomésticos,Trust,342982.0,17761,2026-05-15,3,2,2026/05/15
23/05/2022,Juliet Glynne,Ezeiza,Pc Armada,Conceptronic,325384.0,21978,,3,3,18-05-2026
29/03/2022,Pennie Hess,Ezpeleta,Notebook,Nord,371651.0,23369,2026-05-10,1,1,2026/05/10
19/02/2022,Em Edmonson,Villa Bosch,Equipos De Audio,Vodafone,128451.0,24661,,3,2,12-05-2026
28/01/2022,Angelita Lambkin,San Martín,Equipos De Audio,Engel,130854.0,19776,2026-05-15,3,3,2026/05/15
06/04/2022,Constantine Creeber,Villa Bosch,Equipos De Audio,Huawei,305164.0,25551,,5,1,18-05-2026
18/02/2022,Christel Zambonini,Villa Crespo,Equipos De Audio,Kensington,431789.0,24074,2026-05-10,5,2,2026/05/10
02/01/2022,Cecil Apted,Recoleta,Equipos De Video,Vodafone,248140.0,17090,,5,3,12-05-2026
08/03/2022,Christel Zambonini,Avellaneda,Pc Armada,Trust,397856.0,20135,2026-05-15,3,1,2026/05/15
31/01/2022,Humfried Woodberry,Floresta,Tv,Huawei,171566.0,16988,,1,2,18-05-2026
25/02/2022,Dallis Beefon,Villa Bosch,Tv,Huawei,386679.0,22366,2026-05-10,5,3,2026/05/10
05/03/2022,Timmy Ashlin,Boedo,Equipos De Audio,Access,145646.0,17003,,2,1,12-05-2026
17/03/2022,Angelita Lambkin,Chacarita,Tv,Trust,311397.0,24491,2026-05-15,1,2,2026/05/15
01/03/2022,Christel Zambonini,Floresta,Equipos De Video,Xiaomi,353622.0,21864,,3,3,18-05-2026
13/02/2022,Ursuline Castilla,Flores,Equipos De Audio,Millenium,286731.0,17544,2026-05-10,4,1,2026/05/10
28/02/2022,Pennie Hess,Floresta,Pc Armada,Wacom,310189.0,23101,,2,2,12-05-2026
08/04/2022,Humfried Woodberry,Flores,Tv,Ubiquity,276215.0,23831,2026-05-15,5,3,2026/05/15
05/05/2022,Juliet Glynne,Villa Soldati,Equipos De Audio,Huawei,199686.0,19336,,3,1,18-05-2026
07/03/2022,Constantine Creeber,Boedo,Equipos De Video,Digitus,265852.0,21817,2026-05-10,3,2,2026/05/10
02/03/2022,Barde Benoist,Villa Crespo,Notebook,Netgear,237216.0,25045,,1,3,12-05-2026
16/06/2022,Dallis Beefon,Chacarita,Equipos De Audio,Samsung,367376.0,23114,2026-05-15,3,1,2026/05/15
03/04/2022,Arvin Bernhardi,Chacarita,Electrodomésticos,Corsair,439531.0,24865,,4,2,18-05-2026
16/05/2022,Pennie Hess,Villa Crespo,Equipos De Video,Ubiquity,165155.0,23553,2026-05-10,4,3,2026/05/10
12/01/2022,Ursuline Castilla,Ezpeleta,Electrodomésticos,Digitus,296011.0,23216,,1,1,12-05-2026
01/06/2022,Humfried Woodberry,Villa Bosch,Equipos De Video,Corsair,227413.0,17138,2026-05-15,2,2,2026/05/15
06/02/2022,Dorotea Brandolini,Palermo,Equipos De Audio,Synology,270280.0,20094,,5,3,18-05-2026
18/06/2022,Juliet Glynne,San Martín,Equipos De Video,Samsung,207241.0,21946,2026-05-10,5,1,2026/05/10
08/01/2022,Cecil Apted,Boedo,Pc Armada,Engel,100212.0,18325,,2,2,12-05-2026
31/05/2022,Humfried Woodberry,San Martín,Notebook,Xiaomi,419619.0,21879,2026-05-15,3,3,2026/05/15
18/05/2022,Dallis Beefon,Ezeiza,Pc Armada,Huawei,115175.0,17195,,2,1,18-05-2026
11/05/2022,Cecil Apted,Avellaneda,Electrodomésticos,Corsair,349446.0,25227,2026-05-10,5,2,2026/05/10
30/05/2022,Juliet Glynne,Boedo,Equipos De Video,Synology,336999.0,17116,,5,3,12-05-2026
25/04/2022,Angelita Lambkin,Flores,Pc Armada,Belkin,435288.0,23145,2026-05-15,4,1,2026/05/15
21/05/2022,Dallis Beefon,Boedo,Tv,Netgear,145613.0,17621,,2,2,18-05-2026
07/01/2022,Angelita Lambkin,Boedo,Tv,Toshiba,366294.0,18748,2026-05-10,1,3,2026/05/10
09/06/2022,Humfried Woodberry,Villa Crespo,Tv,Digitus,338643.0,19639,,2,1,12-05-2026
17/01/2022,Barde Benoist,Flores,Notebook,Belkin,233715.0,24722,2026-05-15,4,2,2026/05/15
13/04/2022,Pennie Hess,Ezpeleta,Equipos De Audio,Wacom,300876.0,17686,,2,3,18-05-2026
12/02/2022,Barde Benoist,Ezeiza,Tv,Vodafone,206199.0,17790,2026-05-10,3,1,2026/05/10
23/01/2022,Angelita Lambkin,Avellaneda,Equipos De Video,Huawei,397482.0,25316,,5,2,12-05-2026
19/04/2022,Em Edmonson,Floresta,Notebook,Digitus,264035.0,20695,2026-05-15,2,3,2026/05/15
02/01/2022,Ursuline Castilla,Chacarita,Equipos De Video,Samsung,310756.0,23852,,3,1,18-05-2026
09/03/2022,Arvin Bernhardi,Ezpeleta,Tv,Trust,262587.0,20685,2026-05-10,1,2,2026/05/10
10/06/2022,Dallis Beefon,Paternal,Equipos De Video,Vodafone,415796.0,17521,,5,3,12-05-2026
25/06/2022,Humfried Woodberry,Palermo,Notebook,Synology,450140.0,19399,2026-05-15,1,1,2026/05/15
28/05/2022,Ursuline Castilla,Ezeiza,Electrodomésticos,Engel,310458.0,20847,,5,2,18-05-2026
28/01/2022,Constantine Creeber,Villa Soldati,Equipos De Audio,Synology,258961.0,24780,2026-05-10,4,3,2026/05/10
18/05/2022,Dallis Beefon,Chacarita,Equipos De Video,Ubiquity,186868.0,23012,,4,1,12-05-2026
30/03/2022,Timmy Ashlin,Chacarita,Equipos De Audio,Access,395729.0,17523,2026-05-15,2,2,2026/05/15
22/05/2022,Dallis Beefon,Villa Crespo,Equipos De Audio,Kensington,360324.0,22365,,1,3,18-05-2026
31/03/2022,Em Edmonson,Flores,Notebook,Netgear,153974.0,24962,2026-05-10,1,1,2026/05/10
10/04/2022,Christel Zambonini,Villa Crespo,Equipos De Audio,Corsair,437287.0,24641,,2,2,12-05-2026
19/05/2022,Barde Benoist,Flores,Tv,Samsonite,360830.0,23872,2026-05-15,2,3,2026/05/15
26/02/2022,Timmy Ashlin,Palermo,Equipos De Audio,Samsonite,370108.0,22606,,3,1,18-05-2026
02/04/2022,Angelita Lambkin,Flores,Equipos De Audio,Netgear,290736.0,21048,2026-05-10,5,2,2026/05/10
09/05/2022,Cecil Apted,Paternal,Equipos De Audio,Engel,116755.0,24125,,5,3,12-05-2026
18/03/2022,Timmy Ashlin,Flores,Equipos De Audio,Trust,258462.0,18695,2026-05-15,5,1,2026/05/15
05/04/2022,Dallis Beefon,San Nicolás,Tv,Millenium,456312.0,25419,,2,2,18-05-2026
11/05/2022,Cecil Apted,Ezeiza,Equipos De Video,Samsonite,108919.0,17835,2026-05-10,5,3,2026/05/10
22/02/2022,Ursuline Castilla,Recoleta,Equipos De Audio,Conceptronic,247615.0,22642,,3,1,12-05-2026
25/06/2022,Pennie Hess,Palermo,Equipos De Video,Xiaomi,347974.0,23941,2026-05-15,2,2,2026/05/15
28/01/2022,Pennie Hess,Ezpeleta,Tv,Toshiba,277079.0,19177,,2,3,18-05-2026
17/06/2022,Ursuline Castilla,Floresta,Tv,Netgear,101945.0,18482,2026-05-10,2,1,2026/05/10
17/06/2022,Mufi Panchin,San Martín,Pc Armada,Trust,399553.0,23580,,2,2,12-05-2026
30/01/2022,Cecil Apted,Flores,Electrodomésticos,Conceptronic,423037.0,17322,2026-05-15,2,3,2026/05/15
29/06/2022,Timmy Ashlin,Floresta,Equipos De Video,Startech,385580.0,22520,,5,1,18-05-2026
07/03/2022,Pennie Hess,Villa Soldati,Pc Armada,Engel,323698.0,22983,2026-05-10,5,2,2026/05/10
16/02/2022,Dorotea Brandolini,Villa Crespo,Notebook,Digitus,266729.0,24739,,5,3,12-05-2026
27/06/2022,Dallis Beefon,Chacarita,Tv,Digitus,309554.0,17751,2026-05-15,1,1,2026/05/15
15/02/2022,Mufi Panchin,Flores,Equipos De Video,Samsonite,195459.0,23017,,1,2,18-05-2026
22/01/2022,Barde Benoist,Chacarita,Equipos De Audio,Trust,332872.0,21933,2026-05-10,4,3,2026/05/10
10/04/2022,Dorotea Brandolini,San Martín,Notebook,Samsung,131112.0,20832,,3,1,12-05-2026
18/06/2022,Juliet Glynne,Boedo,Tv,Netgear,439358.0,18903,2026-05-15,3,2,2026/05/15
25/01/2022,Pennie Hess,San Nicolás,Pc Armada,Samsonite,393977.0,22373,,4,3,18-05-2026
24/04/2022,Angelita Lambkin,Ezpeleta,Equipos De Video,Corsair,124445.0,16674,2026-05-10,3,1,2026/05/10
01/02/2022,Juliet Glynne,Boedo,Electrodomésticos,Vodafone,218039.0,17656,,1,2,12-05-2026
22/04/2022,Christel Zambonini,Floresta,Equipos De Audio,Huawei,209300.0,22421,2026-05-15,3,3,2026/05/15
02/06/2022,Dorotea Brandolini,San Nicolás,Notebook,Synology,416428.0,19746,,4,1,18-05-2026
25/03/2022,Arvin Bernhardi,Ezpeleta,Electrodomésticos,Wacom,110019.0,23452,2026-05-10,2,2,2026/05/10
30/03/2022,Angelita Lambkin,Villa Soldati,Tv,LG,255664.0,21731,,5,3,12-05-2026
21/05/2022,Angelita Lambkin,Paternal,Equipos De Audio,Samsung,232459.0,20345,2026-05-15,3,1,2026/05/15
22/03/2022,Humfried Woodberry,Floresta,Tv,Access,422450.0,18355,,1,2,18-05-2026
18/05/2022,Christel Zambonini,San Nicolás,Pc Armada,Digitus,354589.0,24603,2026-05-10,2,3,2026/05/10
03/05/2022,Dallis Beefon,Recoleta,Notebook,LG,329912.0,20839,,3,1,12-05-2026
25/01/2022,Em Edmonson,Recoleta,Equipos De Audio,Nord,314048.0,24588,2026-05-15,2,2,2026/05/15
16/05/2022,Em Edmonson,Ezpeleta,Equipos De Video,Samsonite,231749.0,19088,,3,3,18-05-2026
24/04/2022,Cecil Apted,Paternal,Pc Armada,Nord,260745.0,22800,2026-05-10,1,1,2026/05/10
23/05/2022,Arvin Bernhardi,Ezeiza,Electrodomésticos,Ubiquity,422833.0,17591,,2,2,12-05-2026
19/01/2022,Angelita Lambkin,Ezeiza,Notebook,Netgear,427435.0,23007,2026-05-15,3,3,2026/05/15
11/05/2022,Christel Zambonini,San Nicolás,Electrodomésticos,Kensington,201811.0,23328,,2,1,18-05-2026
08/04/2022,Arvin Bernhardi,Villa Crespo,Electrodomésticos,Ubiquity,267813.0,22767,2026-05-10,3,2,2026/05/10
17/01/2022,Arvin Bernhardi,Flores,Tv,Kensington,138116.0,22947,,5,3,12-05-2026
11/01/2022,Cecil Apted,Ezpeleta,Equipos De Audio,Samsonite,281984.0,19247,2026-05-15,4,1,2026/05/15
28/01/2022,Cecil Apted,Chacarita,Notebook,Engel,361388.0,24664,,4,2,18-05-2026
18/02/2022,Em Edmonson,Villa Bosch,Pc Armada,Startech,120681.0,22901,2026-05-10,5,3,2026/05/10
06/02/2022,Cecil Apted,Recoleta,Tv,Netgear,130776.0,23120,,3,1,12-05-2026
11/01/2022,Dorotea Brandolini,San Martín,Equipos De Audio,Xiaomi,290363.0,18400,2026-05-15,3,2,2026/05/15
24/02/2022,Juliet Glynne,Paternal,Tv,Ubiquity,452318.0,20818,,1,3,18-05-2026
06/03/2022,Cecil Apted,Paternal,Electrodomésticos,Ubiquity,406979.0,19966,2026-05-10,4,1,2026/05/10
22/05/2022,Arvin Bernhardi,Palermo,Notebook,Toshiba,231271.0,21559,,5,2,12-05-2026
01/04/2022,Cecil Apted,Recoleta,Electrodomésticos,Samsonite,306913.0,22978,2026-05-15,3,3,2026/05/15
06/04/2022,Mufi Panchin,Villa Crespo,Equipos De Audio,Toshiba,115722.0,20395,,5,1,18-05-2026
25/05/2022,Dorotea Brandolini,Flores,Equipos De Audio,Huawei,231242.0,21192,2026-05-10,4,2,2026/05/10
16/02/2022,Pennie Hess,Villa Soldati,Tv,Access,262547.0,24482,,2,3,12-05-2026
13/06/2022,Juliet Glynne,Ezpeleta,Equipos De Video,Kensington,367216.0,21924,2026-05-15,3,1,2026/05/15
12/04/2022,Christel Zambonini,Flores,Equipos De Video,Vodafone,297416.0,21481,,3,2,18-05-2026
14/04/2022,Dorotea Brandolini,Recoleta,Equipos De Video,Trust,148568.0,22278,2026-05-10,3,3,2026/05/10
18/02/2022,Dallis Beefon,Villa Bosch,Equipos De Video,Samsung,242227.0,24291,,3,1,12-05-2026
20/01/2022,Arvin Bernhardi,Villa Crespo,Electrodomésticos,Corsair,443216.0,16557,2026-05-15,5,2,2026/05/15
04/02/2022,Dorotea Brandolini,Avellaneda,Tv,Startech,367027.0,19214,,4,3,18-05-2026
14/01/2022,Constantine Creeber,Paternal,Equipos De Audio,Wacom,355614.0,24896,2026-05-10,3,1,2026/05/10
25/03/2022,Em Edmonson,Recoleta,Equipos De Audio,Kensington,347725.0,19858,,5,2,12-05-2026
24/05/2022,Humfried Woodberry,Ezpeleta,Equipos De Audio,Synology,214710.0,19658,2026-05-15,1,3,2026/05/15
07/04/2022,Em Edmonson,Floresta,Equipos De Audio,Vodafone,205409.0,21795,,2,1,18-05-2026
12/01/2022,Ursuline Castilla,Ezpeleta,Equipos De Video,Conceptronic,244751.0,16642,2026-05-10,1,2,2026/05/10
14/03/2022,Dorotea Brandolini,San Martín,Tv,Corsair,171103.0,19317,,3,3,12-05-2026
06/03/2022,Cecil Apted,Villa Soldati,Electrodomésticos,Conceptronic,284258.0,16784,2026-05-15,5,1,2026/05/15
09/01/2022,Mufi Panchin,Recoleta,Equipos De Audio,Ubiquity,166324.0,24878,,3,2,18-05-2026
13/05/2022,Cecil Apted,Floresta,Notebook,Belkin,354204.0,18487,2026-05-10,4,3,2026/05/10
28/06/2022,Arvin Bernhardi,Villa Bosch,Notebook,Huawei,263415.0,19682,,3,1,12-05-2026
25/03/2022,Constantine Creeber,San Nicolás,Electrodomésticos,Nord,448822.0,23952,2026-05-15,3,2,2026/05/15
07/02/2022,Christel Zambonini,Avellaneda,Equipos De Video,Wacom,367433.0,20402,,4,3,18-05-2026
02/02/2022,Dorotea Brandolini,Avellaneda,Notebook,Digitus,142735.0,23128,2026-05-10,1,1,2026/05/10
15/04/2022,Cecil Apted,San Martín,Equipos De Audio,Vodafone,121832.0,19780,,4,2,12-05-2026
21/04/2022,Cecil Apted,Palermo,Equipos De Audio,Conceptronic,226378.0,17513,2026-05-15,4,3,2026/05/15
28/01/2022,Dorotea Brandolini,Villa Crespo,Notebook,LG,110740.0,23559,,2,1,18-05-2026
16/06/2022,Dallis Beefon,San Nicolás,Equipos De Audio,Millenium,182585.0,19852,2026-05-10,2,2,2026/05/10
05/05/2022,Juliet Glynne,Ezpeleta,Tv,Corsair,296208.0,24380,,1,3,12-05-2026
19/02/2022,Em Edmonson,Chacarita,Tv,Nord,155350.0,21438,2026-05-15,4,1,2026/05/15
16/04/2022,Timmy Ashlin,Villa Crespo,Notebook,Xiaomi,440956.0,20879,,5,2,18-05-2026
10/03/2022,Barde Benoist,Paternal,Pc Armada,Conceptronic,127212.0,18289,2026-05-10,3,3,2026/05/10
06/01/2022,Constantine Creeber,Villa Crespo,Equipos De Audio,Millenium,329937.0,21611,,3,1,12-05-2026
30/05/2022,Mufi Panchin,Villa Crespo,Equipos De Video,Xiaomi,136110.0,23083,2026-05-15,3,2,2026/05/15
14/05/2022,Ursuline Castilla,Avellaneda,Equipos De Video,Toshiba,381106.0,19867,,4,3,18-05-2026
16/03/2022,Angelita Lambkin,Boedo,Electrodomésticos,Ubiquity,159688.0,22433,2026-05-10,1,1,2026/05/10
14/03/2022,Pennie Hess,Chacarita,Equipos De Video,Conceptronic,250305.0,19146,,2,2,12-05-2026
05/04/2022,Pennie Hess,Palermo,Notebook,Synology,170899.0,20779,2026-05-15,4,3,2026/05/15
18/01/2022,Pennie Hess,Ezeiza,Tv,Huawei,328911.0,21565,,4,1,18-05-2026
30/03/2022,Timmy Ashlin,Paternal,Equipos De Audio,Startech,173420.0,22436,2026-05-10,1,2,2026/05/10
13/01/2022,Arvin Bernhardi,San Nicolás,Tv,Corsair,246520.0,16875,,4,3,12-05-2026
18/02/2022,Christel Zambonini,Villa Crespo,Equipos De Video,Synology,267791.0,25381,2026-05-15,3,1,2026/05/15
26/04/2022,Ursuline Castilla,Paternal,Electrodomésticos,Millenium,457527.0,20772,,2,2,18-05-2026
20/06/2022,Angelita Lambkin,Ezeiza,Notebook,Synology,266617.0,21935,2026-05-10,3,3,2026/05/10
06/06/2022,Pennie Hess,Chacarita,Electrodomésticos,Samsonite,212825.0,20227,,2,1,12-05-2026
14/01/2022,Angelita Lambkin,Floresta,Electrodomésticos,Nord,209150.0,17333,2026-05-15,5,2,2026/05/15
01/01/2022,Juliet Glynne,Flores,Equipos De Video,Ubiquity,191673.0,22796,,5,3,18-05-2026
22/02/2022,Humfried Woodberry,San Martín,Electrodomésticos,Samsonite,399766.0,23502,2026-05-10,1,1,2026/05/10
05/04/2022,Constantine Creeber,Paternal,Notebook,Conceptronic,223647.0,25278,,5,2,12-05-2026
10/05/2022,Em Edmonson,Flores,Equipos De Video,Wacom,345579.0,20226,2026-05-15,3,3,2026/05/15
29/04/2022,Arvin Bernhardi,Palermo,Notebook,Vodafone,193089.0,19022,,4,1,18-05-2026
19/04/2022,Timmy Ashlin,Villa Bosch,Electrodomésticos,LG,451886.0,24621,2026-05-10,5,2,2026/05/10
22/01/2022,Em Edmonson,Chacarita,Electrodomésticos,Trust,302296.0,22108,,1,3,12-05-2026
19/01/2022,Arvin Bernhardi,Ezpeleta,Equipos De Video,Samsonite,381787.0,21285,2026-05-15,3,1,2026/05/15
16/05/2022,Constantine Creeber,San Martín,Tv,Belkin,340603.0,16850,,2,2,18-05-2026
01/03/2022,Constantine Creeber,Ezpeleta,Equipos De Audio,Kensington,281461.0,23629,2026-05-10,3,3,2026/05/10
30/05/2022,Dorotea Brandolini,Palermo,Equipos De Audio,Toshiba,426893.0,23970,,2,1,12-05-2026
27/04/2022,Barde Benoist,Villa Crespo,Notebook,Digitus,286793.0,21616,2026-05-15,4,2,2026/05/15
18/04/2022,Ursuline Castilla,Ezeiza,Notebook,Netgear,178066.0,19849,,3,3,18-05-2026
08/01/2022,Em Edmonson,San Nicolás,Notebook,Samsonite,105611.0,19781,2026-05-10,2,1,2026/05/10
06/03/2022,Dorotea Brandolini,Ezpeleta,Pc Armada,Access,454783.0,21810,,1,2,12-05-2026
10/05/2022,Angelita Lambkin,Recoleta,Tv,Access,275807.0,22004,2026-05-15,5,3,2026/05/15
22/03/2022,Arvin Bernhardi,Paternal,Equipos De Audio,Nord,252575.0,16546,,2,1,18-05-2026
08/04/2022,Dorotea Brandolini,Villa Bosch,Tv,Corsair,275078.0,21523,2026-05-10,3,2,2026/05/10
22/05/2022,Mufi Panchin,San Martín,Notebook,Samsonite,360765.0,19918,,5,3,12-05-2026
07/02/2022,Juliet Glynne,San Nicolás,Tv,Engel,119898.0,20393,2026-05-15,4,1,2026/05/15
06/02/2022,Arvin Bernhardi,Boedo,Pc Armada,Belkin,319485.0,16721,,3,2,18-05-2026
09/01/2022,Dallis Beefon,Ezpeleta,Equipos De Video,Wacom,442483.0,24456,2026-05-10,3,3,2026/05/10
28/04/2022,Cecil Apted,Villa Soldati,Notebook,Huawei,410477.0,24282,,1,1,12-05-2026
11/05/2022,Cecil Apted,San Martín,Tv,Netgear,333579.0,20494,2026-05-15,4,2,2026/05/15
08/04/2022,Barde Benoist,Paternal,Equipos De Audio,Access,321400.0,17683,,4,3,18-05-2026
15/02/2022,Dallis Beefon,Paternal,Equipos De Video,Digitus,165898.0,24788,2026-05-10,5,1,2026/05/10
15/01/2022,Pennie Hess,Recoleta,Notebook,Wacom,314693.0,22821,,5,2,12-05-2026
12/03/2022,Arvin Bernhardi,Villa Bosch,Notebook,Wacom,263325.0,20212,2026-05-15,5,3,2026/05/15
05/03/2022,Mufi Panchin,Ezpeleta,Equipos De Audio,Xiaomi,415958.0,20389,,2,1,18-05-2026
09/06/2022,Dallis Beefon,San Martín,Equipos De Video,Netgear,290408.0,16749,2026-05-10,2,2,2026/05/10
11/01/2022,Mufi Panchin,Boedo,Tv,Access,378104.0,23105,,4,3,12-05-2026
27/05/2022,Dallis Beefon,Villa Bosch,Tv,Toshiba,452890.0,19127,2026-05-15,2,1,2026/05/15
05/01/2022,Mufi Panchin,San Nicolás,Pc Armada,LG,220560.0,19190,,5,2,18-05-2026
22/03/2022,Arvin Bernhardi,San Martín,Notebook,Trust,408809.0,18247,2026-05-10,2,3,2026/05/10
16/04/2022,Ursuline Castilla,Flores,Tv,Netgear,218460.0,17513,,2,1,12-05-2026
12/06/2022,Barde Benoist,Avellaneda,Notebook,Engel,137539.0,19842,2026-05-15,4,2,2026/05/15
18/04/2022,Juliet Glynne,Boedo,Equipos De Video,Nord,216274.0,18105,,3,3,18-05-2026
20/01/2022,Humfried Woodberry,Ezpeleta,Pc Armada,Access,146435.0,17103,2026-05-10,1,1,2026/05/10
12/06/2022,Juliet Glynne,San Martín,Notebook,Samsonite,312460.0,23521,,4,2,12-05-2026
04/03/2022,Christel Zambonini,Palermo,Electrodomésticos,Access,360713.0,25336,2026-05-15,4,3,2026/05/15
06/03/2022,Em Edmonson,San Nicolás,Equipos De Video,Huawei,432678.0,19419,,5,1,18-05-2026
05/04/2022,Angelita Lambkin,Villa Crespo,Electrodomésticos,Millenium,442002.0,18127,2026-05-10,1,2,2026/05/10
01/03/2022,Timmy Ashlin,Ezeiza,Tv,Nord,306572.0,22013,,5,3,12-05-2026
14/05/2022,Christel Zambonini,Villa Soldati,Pc Armada,Trust,337531.0,22604,2026-05-15,2,1,2026/05/15
15/02/2022,Mufi Panchin,Paternal,Tv,Toshiba,133525.0,20270,,3,2,18-05-2026
17/03/2022,Mufi Panchin,Villa Soldati,Pc Armada,Millenium,283150.0,24803,2026-05-10,4,3,2026/05/10
15/03/2022,Em Edmonson,Recoleta,Notebook,Digitus,225154.0,20073,,3,1,12-05-2026
06/01/2022,Dallis Beefon,San Nicolás,Pc Armada,Vodafone,253490.0,23818,2026-05-15,1,2,2026/05/15
15/06/2022,Angelita Lambkin,Recoleta,Pc Armada,Wacom,223474.0,16845,,1,3,18-05-2026
26/01/2022,Arvin Bernhardi,Villa Soldati,Electrodomésticos,Engel,344551.0,20715,2026-05-10,5,1,2026/05/10
23/05/2022,Constantine Creeber,Avellaneda,Pc Armada,Nord,409623.0,23688,,5,2,12-05-2026
20/06/2022,Em Edmonson,Palermo,Equipos De Audio,Samsonite,442837.0,21096,2026-05-15,3,3,2026/05/15
17/06/2022,Dallis Beefon,Flores,Notebook,Access,238391.0,21914,,3,1,18-05-2026
24/01/2022,Angelita Lambkin,Villa Soldati,Electrodomésticos,Belkin,99569.0,24215,2026-05-10,4,2,2026/05/10
17/01/2022,Humfried Woodberry,Avellaneda,Pc Armada,Ubiquity,319068.0,21482,,1,3,12-05-2026
31/03/2022,Timmy Ashlin,Paternal,Tv,Trust,440522.0,20549,2026-05-15,1,1,2026/05/15
23/06/2022,Dallis Beefon,San Martín,Electrodomésticos,LG,127725.0,21544,,1,2,18-05-2026
22/01/2022,Barde Benoist,Ezpeleta,Notebook,Engel,315023.0,24783,2026-05-10,4,3,2026/05/10
19/05/2022,Arvin Bernhardi,San Martín,Equipos De Audio,Vodafone,137710.0,16890,,3,1,12-05-2026
05/01/2022,Mufi Panchin,Floresta,Notebook,Access,298940.0,24275,2026-05-15,3,2,2026/05/15
26/06/2022,Christel Zambonini,Avellaneda,Notebook,Kensington,132666.0,21956,,5,3,18-05-2026
13/03/2022,Cecil Apted,Floresta,Tv,Vodafone,119867.0,17300,2026-05-10,5,1,2026/05/10
23/02/2022,Dorotea Brandolini,Villa Bosch,Notebook,Access,167140.0,20817,,5,2,12-05-2026
11/02/2022,Cecil Apted,Villa Soldati,Equipos De Audio,Samsonite,379700.0,18946,2026-05-15,3,3,2026/05/15
23/04/2022,Barde Benoist,Avellaneda,Tv,Huawei,153517.0,21762,,4,1,18-05-2026
23/06/2022,Angelita Lambkin,Floresta,Pc Armada,Netgear,228031.0,21486,2026-05-10,3,2,2026/05/10
11/06/2022,Timmy Ashlin,Villa Soldati,Pc Armada,Vodafone,416230.0,23807,,5,3,12-05-2026
13/02/2022,Mufi Panchin,Floresta,Notebook,Samsung,236309.0,23013,2026-05-15,4,1,2026/05/15
25/03/2022,Angelita Lambkin,Floresta,Notebook,Xiaomi,129418.0,22146,,3,2,18-05-2026
04/02/2022,Dorotea Brandolini,Paternal,Equipos De Audio,Trust,167671.0,17148,2026-05-10,2,3,2026/05/10
16/03/2022,Pennie Hess,Palermo,Pc Armada,Huawei,390646.0,19877,,5,1,12-05-2026
13/02/2022,Angelita Lambkin,Chacarita,Electrodomésticos,Huawei,143811.0,24761,2026-05-15,4,2,2026/05/15
25/01/2022,Humfried Woodberry,Recoleta,Tv,Engel,233793.0,20081,,3,3,18-05-2026
25/01/2022,Christel Zambonini,San Martín,Equipos De Audio,Huawei,378854.0,23518,2026-05-10,5,1,2026/05/10
03/01/2022,Arvin Bernhardi,Ezeiza,Equipos De Video,Vodafone,150515.0,24735,,4,2,12-05-2026
23/03/2022,Timmy Ashlin,Recoleta,Pc Armada,LG,377996.0,20217,2026-05-15,1,3,2026/05/15
11/02/2022,Angelita Lambkin,Paternal,Tv,Kensington,381899.0,21712,,4,1,18-05-2026
13/01/2022,Cecil Apted,Paternal,Electrodomésticos,LG,369628.0,25412,2026-05-10,4,2,2026/05/10
09/01/2022,Dorotea Brandolini,Avellaneda,Notebook,Conceptronic,409494.0,19389,,3,3,12-05-2026
12/01/2022,Pennie Hess,San Nicolás,Equipos De Audio,Samsung,291825.0,17387,2026-05-15,4,1,2026/05/15
03/02/2022,Dorotea Brandolini,Flores,Pc Armada,Corsair,146882.0,24142,,3,2,18-05-2026
05/01/2022,Arvin Bernhardi,Flores,Tv,Ubiquity,202429.0,19186,2026-05-10,1,3,2026/05/10
24/02/2022,Dallis Beefon,Villa Soldati,Equipos De Audio,Toshiba,368971.0,16561,,1,1,12-05-2026
27/01/2022,Dallis Beefon,Boedo,Electrodomésticos,Wacom,324383.0,17835,2026-05-15,1,2,2026/05/15
02/06/2022,Mufi Panchin,Villa Soldati,Notebook,Toshiba,229185.0,18466,,4,3,18-05-2026
06/04/2022,Dorotea Brandolini,Villa Soldati,Electrodomésticos,Corsair,231468.0,22197,2026-05-10,1,1,2026/05/10
19/03/2022,Ursuline Castilla,Avellaneda,Tv,Samsung,152445.0,19382,,3,2,12-05-2026
20/04/2022,Arvin Bernhardi,San Martín,Electrodomésticos,Digitus,261757.0,17505,2026-05-15,2,3,2026/05/15
27/01/2022,Timmy Ashlin,Villa Soldati,Tv,LG,130933.0,17908,,2,1,18-05-2026
22/02/2022,Constantine Creeber,Villa Bosch,Electrodomésticos,Vodafone,312194.0,16935,2026-05-10,5,2,2026/05/10
06/03/2022,Timmy Ashlin,Floresta,Electrodomésticos,Samsung,344391.0,24103,,3,3,12-05-2026
20/01/2022,Barde Benoist,Palermo,Pc Armada,Wacom,177375.0,22044,2026-05-15,5,1,2026/05/15
05/05/2022,Em Edmonson,Flores,Pc Armada,Huawei,204010.0,19366,,4,2,18-05-2026
18/03/2022,Dallis Beefon,Villa Bosch,Pc Armada,LG,295488.0,18961,2026-05-10,5,3,2026/05/10
14/03/2022,Christel Zambonini,Boedo,Notebook,Synology,368255.0,20783,,2,1,12-05-2026
08/04/2022,Mufi Panchin,Floresta,Pc Armada,Conceptronic,407560.0,18442,2026-05-15,3,2,2026/05/15
05/01/2022,Humfried Woodberry,Flores,Tv,Belkin,112537.0,22146,,3,3,18-05-2026
04/01/2022,Pennie Hess,San Nicolás,Equipos De Audio,Ubiquity,417108.0,22656,2026-05-10,3,1,2026/05/10
29/05/2022,Dallis Beefon,Chacarita,Notebook,Vodafone,225388.0,18670,,1,2,12-05-2026
19/02/2022,Timmy Ashlin,San Martín,Notebook,Huawei,310219.0,20539,2026-05-15,2,3,2026/05/15
24/04/2022,Arvin Bernhardi,Chacarita,Notebook,Startech,194051.0,25134,,1,1,18-05-2026
10/06/2022,Timmy Ashlin,San Nicolás,Equipos De Video,Conceptronic,175175.0,18380,2026-05-10,5,2,2026/05/10
10/01/2022,Dallis Beefon,Villa Crespo,Notebook,Synology,101036.0,25402,,4,3,12-05-2026
31/05/2022,Timmy Ashlin,San Nicolás,Pc Armada,Vodafone,316133.0,21437,2026-05-15,4,1,2026/05/15
29/01/2022,Arvin Bernhardi,San Martín,Electrodomésticos,Vodafone,117825.0,25289,,4,2,18-05-2026
30/05/2022,Barde Benoist,Floresta,Pc Armada,LG,412923.0,20187,2026-05-10,1,3,2026/05/10
14/02/2022,Cecil Apted,Ezpeleta,Notebook,Millenium,443310.0,24458,,1,1,12-05-2026
12/01/2022,Humfried Woodberry,Recoleta,Pc Armada,Trust,256302.0,25382,2026-05-15,3,2,2026/05/15
28/05/2022,Mufi Panchin,Palermo,Equipos De Audio,Samsung,292279.0,18697,,3,3,18-05-2026
19/06/2022,Timmy Ashlin,San Nicolás,Equipos De Audio,LG,173111.0,20662,2026-05-10,3,1,2026/05/10
03/04/2022,Juliet Glynne,Chacarita,Electrodomésticos,Startech,110809.0,16653,,5,2,12-05-2026
17/05/2022,Cecil Apted,San Martín,Equipos De Video,Samsung,134946.0,20037,2026-05-15,5,3,2026/05/15
23/05/2022,Em Edmonson,San Nicolás,Notebook,Conceptronic,319103.0,23892,,5,1,18-05-2026
07/04/2022,Dallis Beefon,Villa Crespo,Equipos De Video,Netgear,336593.0,22237,2026-05-10,5,2,2026/05/10
23/03/2022,Em Edmonson,San Nicolás,Equipos De Video,Samsonite,384204.0,17989,,1,3,12-05-2026
10/04/2022,Christel Zambonini,Ezpeleta,Electrodomésticos,Wacom,197942.0,20388,2026-05-15,2,1,2026/05/15
16/05/2022,Christel Zambonini,Villa Soldati,Tv,Vodafone,259356.0,23099,,2,2,18-05-2026
14/02/2022,Constantine Creeber,Villa Bosch,Tv,Samsonite,137435.0,18811,2026-05-10,5,3,2026/05/10
28/03/2022,Timmy Ashlin,Villa Bosch,Notebook,Huawei,360866.0,19483,,4,1,12-05-2026
12/05/2022,Dorotea Brandolini,Villa Bosch,Pc Armada,Xiaomi,457906.0,23385,2026-05-15,2,2,2026/05/15
06/04/2022,Angelita Lambkin,Chacarita,Equipos De Video,Startech,259330.0,18999,,5,3,18-05-2026
29/03/2022,Humfried Woodberry,San Martín,Pc Armada,Nord,206255.0,18452,2026-05-10,5,1,2026/05/10
17/03/2022,Angelita Lambkin,Villa Bosch,Electrodomésticos,Nord,405359.0,17253,,4,2,12-05-2026
13/05/2022,Timmy Ashlin,Recoleta,Equipos De Video,Conceptronic,277604.0,19609,2026-05-15,4,3,2026/05/15
31/03/2022,Pennie Hess,Flores,Pc Armada,Synology,107315.0,22149,,2,1,18-05-2026
09/01/2022,Timmy Ashlin,Boedo,Tv,Toshiba,255680.0,20176,2026-05-10,3,2,2026/05/10
08/01/2022,Cecil Apted,Floresta,Electrodomésticos,Wacom,286960.0,22317,,5,3,12-05-2026
13/01/2022,Em Edmonson,San Nicolás,Electrodomésticos,Xiaomi,247267.0,18718,2026-05-15,4,1,2026/05/15
07/03/2022,Barde Benoist,San Martín,Equipos De Audio,Access,122900.0,23662,,4,2,18-05-2026
21/06/2022,Juliet Glynne,Villa Bosch,Equipos De Video,Corsair,365355.0,21457,2026-05-10,4,3,2026/05/10
22/04/2022,Em Edmonson,Villa Crespo,Tv,Belkin,363336.0,16825,,4,1,12-05-2026
13/04/2022,Angelita Lambkin,Flores,Equipos De Audio,Synology,443529.0,22753,2026-05-15,4,2,2026/05/15
12/05/2022,Dallis Beefon,Villa Crespo,Notebook,Conceptronic,222947.0,20304,,2,3,18-05-2026
02/04/2022,Ursuline Castilla,San Nicolás,Equipos De Video,Digitus,255285.0,16901,2026-05-10,3,1,2026/05/10
26/03/2022,Ursuline Castilla,Villa Crespo,Electrodomésticos,Huawei,345799.0,24776,,5,2,12-05-2026
15/01/2022,Cecil Apted,Recoleta,Pc Armada,Xiaomi,108603.0,22937,2026-05-15,3,3,2026/05/15
14/03/2022,Constantine Creeber,Palermo,Electrodomésticos,Wacom,214587.0,17464,,2,1,18-05-2026
22/06/2022,Pennie Hess,Recoleta,Equipos De Video,Access,320296.0,18418,2026-05-10,5,2,2026/05/10
25/05/2022,Mufi Panchin,Boedo,Equipos De Audio,Ubiquity,232783.0,19886,,3,3,12-05-2026
28/04/2022,Pennie Hess,Villa Crespo,Tv,Huawei,295987.0,17437,2026-05-15,2,1,2026/05/15
26/05/2022,Mufi Panchin,Villa Bosch,Notebook,Trust,177052.0,17939,,4,2,18-05-2026
17/01/2022,Juliet Glynne,Flores,Equipos De Video,Netgear,101097.0,23527,2026-05-10,5,3,2026/05/10
15/01/2022,Arvin Bernhardi,Palermo,Equipos De Audio,Xiaomi,366011.0,19748,,4,1,12-05-2026
07/05/2022,Cecil Apted,Villa Bosch,Equipos De Video,Xiaomi,372660.0,22965,2026-05-15,1,2,2026/05/15
05/06/2022,Christel Zambonini,Ezeiza,Tv,LG,232428.0,20348,,3,3,18-05-2026
19/03/2022,Humfried Woodberry,Avellaneda,Tv,LG,403018.0,16730,2026-05-10,1,1,2026/05/10
06/06/2022,Barde Benoist,San Nicolás,Tv,Kensington,106126.0,19734,,3,2,12-05-2026
13/04/2022,Dorotea Brandolini,San Nicolás,Pc Armada,Nord,191291.0,20314,2026-05-15,3,3,2026/05/15
24/05/2022,Dallis Beefon,Chacarita,Tv,LG,333655.0,18247,,3,1,18-05-2026
05/04/2022,Ursuline Castilla,Villa Bosch,Equipos De Audio,Engel,291647.0,23506,2026-05-10,3,2,2026/05/10
13/03/2022,Mufi Panchin,Villa Soldati,Equipos De Audio,Wacom,189213.0,21444,,2,3,12-05-2026
08/05/2022,Timmy Ashlin,Ezeiza,Pc Armada,Xiaomi,302005.0,22099,2026-05-15,2,1,2026/05/15
04/06/2022,Dallis Beefon,Paternal,Pc Armada,Xiaomi,337268.0,24567,,4,2,18-05-2026
12/01/2022,Dallis Beefon,Avellaneda,Electrodomésticos,Startech,382629.0,18625,2026-05-10,4,3,2026/05/10
26/02/2022,Arvin Bernhardi,Villa Crespo,Electrodomésticos,Netgear,170490.0,16871,,5,1,12-05-2026
14/05/2022,Dallis Beefon,Villa Bosch,Equipos De Video,Conceptronic,429955.0,22991,2026-05-15,3,2,2026/05/15
19/06/2022,Arvin Bernhardi,Boedo,Equipos De Video,Huawei,238262.0,18686,,5,3,18-05-2026
13/01/2022,Barde Benoist,Ezeiza,Equipos De Audio,Startech,355701.0,22815,2026-05-10,4,1,2026/05/10
06/05/2022,Cecil Apted,Villa Soldati,Pc Armada,Digitus,226876.0,22456,,2,2,12-05-2026
25/01/2022,Christel Zambonini,Avellaneda,Equipos De Video,Conceptronic,124282.0,20715,2026-05-15,1,3,2026/05/15
10/06/2022,Em Edmonson,Floresta,Notebook,Belkin,161185.0,21239,,1,1,18-05-2026
24/02/2022,Cecil Apted,Villa Bosch,Notebook,Digitus,151829.0,19609,2026-05-10,5,2,2026/05/10
17/03/2022,Humfried Woodberry,Avellaneda,Electrodomésticos,Conceptronic,293331.0,19525,,4,3,12-05-2026
17/03/2022,Christel Zambonini,Avellaneda,Equipos De Video,Digitus,280253.0,17872,2026-05-15,3,1,2026/05/15
09/04/2022,Dorotea Brandolini,Villa Bosch,Electrodomésticos,Synology,238070.0,21772,,3,2,18-05-2026
05/01/2022,Barde Benoist,Ezpeleta,Equipos De Video,Millenium,141389.0,18468,2026-05-10,3,3,2026/05/10
07/01/2022,Pennie Hess,Villa Bosch,Equipos De Video,Access,441578.0,19131,,5,1,12-05-2026
17/02/2022,Christel Zambonini,San Nicolás,Electrodomésticos,Vodafone,183226.0,23007,2026-05-15,1,2,2026/05/15
08/04/2022,Ursuline Castilla,Villa Soldati,Notebook,Synology,120018.0,25014,,2,3,18-05-2026
01/05/2022,Timmy Ashlin,Villa Bosch,Tv,Huawei,256936.0,22322,2026-05-10,5,1,2026/05/10
31/05/2022,Pennie Hess,Villa Bosch,Equipos De Audio,Toshiba,230274.0,23116,,5,2,12-05-2026
02/05/2022,Dallis Beefon,Chacarita,Equipos De Audio,Wacom,322324.0,17069,2026-05-15,5,3,2026/05/15
21/02/2022,Angelita Lambkin,Recoleta,Pc Armada,Access,176822.0,24344,,3,1,18-05-2026
17/01/2022,Cecil Apted,Floresta,Tv,Vodafone,405270.0,24704,2026-05-10,4,2,2026/05/10
10/05/2022,Pennie Hess,Ezpeleta,Equipos De Audio,Toshiba,352252.0,21878,,2,3,12-05-2026
07/05/2022,Juliet Glynne,Paternal,Pc Armada,Nord,328790.0,22574,2026-05-15,2,1,2026/05/15
09/06/2022,Cecil Apted,Boedo,Pc Armada,LG,436775.0,16538,,4,2,18-05-2026
20/03/2022,Mufi Panchin,Villa Crespo,Tv,Netgear,374262.0,19769,2026-05-10,2,3,2026/05/10
13/01/2022,Barde Benoist,Boedo,Tv,Engel,117357.0,19607,,4,1,12-05-2026
08/04/2022,Ursuline Castilla,Floresta,Equipos De Audio,Samsonite,388914.0,17449,2026-05-15,3,2,2026/05/15
20/06/2022,Cecil Apted,Palermo,Notebook,Trust,457156.0,24582,,5,3,18-05-2026
05/04/2022,Barde Benoist,Floresta,Notebook,Access,242461.0,16717,2026-05-10,4,1,2026/05/10
29/03/2022,Christel Zambonini,Recoleta,Pc Armada,Wacom,288257.0,18669,,5,2,12-05-2026
14/05/2022,Dorotea Brandolini,Paternal,Electrodomésticos,Startech,316277.0,18088,2026-05-15,1,3,2026/05/15
04/04/2022,Arvin Bernhardi,San Martín,Equipos De Video,Corsair,217280.0,25320,,4,1,18-05-2026
04/04/2022,Juliet Glynne,Avellaneda,Notebook,Corsair,432489.0,23702,2026-05-10,4,2,2026/05/10
14/03/2022,Humfried Woodberry,Palermo,Pc Armada,Access,174519.0,18808,,3,3,12-05-2026
04/01/2022,Barde Benoist,Ezpeleta,Electrodomésticos,Corsair,202874.0,23098,2026-05-15,3,1,2026/05/15
27/05/2022,Christel Zambonini,Ezpeleta,Equipos De Audio,Xiaomi,317469.0,22449,,1,2,18-05-2026
05/01/2022,Arvin Bernhardi,Avellaneda,Tv,Synology,276581.0,17507,2026-05-10,2,3,2026/05/10
13/01/2022,Juliet Glynne,San Martín,Equipos De Video,Access,285487.0,16793,,5,1,12-05-2026
23/05/2022,Ursuline Castilla,Villa Crespo,Equipos De Audio,Samsonite,326352.0,16895,2026-05-15,4,2,2026/05/15
24/05/2022,Ursuline Castilla,Villa Crespo,Electrodomésticos,Nord,133788.0,22446,,3,3,18-05-2026
18/06/2022,Angelita Lambkin,Palermo,Equipos De Video,Netgear,230125.0,23990,2026-05-10,2,1,2026/05/10
27/04/2022,Dorotea Brandolini,Palermo,Notebook,Samsonite,346044.0,20835,,3,2,12-05-2026
14/03/2022,Dorotea Brandolini,Recoleta,Tv,LG,255932.0,23929,2026-05-15,3,3,2026/05/15
01/01/2022,Arvin Bernhardi,Recoleta,Equipos De Video,Belkin,217951.0,16799,,5,1,18-05-2026
08/06/2022,Cecil Apted,Ezpeleta,Electrodomésticos,Netgear,178750.0,16687,2026-05-10,4,2,2026/05/10
05/01/2022,Cecil Apted,San Nicolás,Notebook,Millenium,279837.0,16981,,3,3,12-05-2026
20/01/2022,Pennie Hess,Villa Bosch,Tv,Netgear,383992.0,20912,2026-05-15,3,1,2026/05/15
18/03/2022,Pennie Hess,Paternal,Equipos De Video,Vodafone,308919.0,24973,,4,2,18-05-2026
10/05/2022,Ursuline Castilla,Villa Crespo,Equipos De Audio,Netgear,228293.0,24384,2026-05-10,5,3,2026/05/10
14/03/2022,Barde Benoist,Floresta,Pc Armada,Corsair,132328.0,22730,,3,1,12-05-2026
06/02/2022,Angelita Lambkin,Palermo,Equipos De Video,Huawei,418923.0,23322,2026-05-15,4,2,2026/05/15
19/03/2022,Dorotea Brandolini,San Nicolás,Pc Armada,Trust,192162.0,20334,,5,3,18-05-2026
04/03/2022,Cecil Apted,San Martín,Electrodomésticos,Nord,229148.0,24839,2026-05-10,2,1,2026/05/10
14/02/2022,Angelita Lambkin,Ezeiza,Electrodomésticos,Digitus,134765.0,22930,,3,2,12-05-2026
10/03/2022,Cecil Apted,Boedo,Tv,Trust,389929.0,21281,2026-05-15,3,3,2026/05/15
12/06/2022,Mufi Panchin,Recoleta,Equipos De Video,Synology,128220.0,23825,,3,1,18-05-2026
13/01/2022,Cecil Apted,Villa Crespo,Electrodomésticos,Samsonite,211999.0,18076,2026-05-10,2,2,2026/05/10
09/02/2022,Dorotea Brandolini,Paternal,Electrodomésticos,Digitus,390793.0,22365,,2,3,12-05-2026
12/04/2022,Ursuline Castilla,San Martín,Electrodomésticos,Vodafone,364383.0,17768,2026-05-15,1,1,2026/05/15
20/03/2022,Humfried Woodberry,Villa Crespo,Tv,Xiaomi,113808.0,20135,,1,2,18-05-2026
18/05/2022,Christel Zambonini,Chacarita,Pc Armada,Samsung,125735.0,23887,2026-05-10,5,3,2026/05/10
18/03/2022,Cecil Apted,Flores,Pc Armada,Trust,293711.0,22769,,5,1,12-05-2026
05/04/2022,Humfried Woodberry,Recoleta,Pc Armada,Huawei,261353.0,23414,2026-05-15,3,2,2026/05/15
14/02/2022,Arvin Bernhardi,Villa Crespo,Pc Armada,Synology,323191.0,21764,,5,3,18-05-2026
11/03/2022,Cecil Apted,Ezpeleta,Notebook,Vodafone,145130.0,18018,2026-05-10,3,1,2026/05/10
13/02/2022,Humfried Woodberry,San Martín,Electrodomésticos,Toshiba,153233.0,19772,,3,2,12-05-2026
23/04/2022,Dallis Beefon,Boedo,Tv,Synology,168810.0,18563,2026-05-15,3,3,2026/05/15
30/01/2022,Juliet Glynne,Chacarita,Pc Armada,Vodafone,346393.0,18089,,2,1,18-05-2026
26/06/2022,Ursuline Castilla,Villa Soldati,Electrodomésticos,Synology,302007.0,22905,2026-05-10,3,2,2026/05/10
16/05/2022,Dallis Beefon,Palermo,Equipos De Video,Netgear,186895.0,23772,,4,3,12-05-2026
03/03/2022,Arvin Bernhardi,Villa Bosch,Tv,Kensington,420187.0,21907,2026-05-15,4,1,2026/05/15
18/04/2022,Angelita Lambkin,Boedo,Notebook,Millenium,438897.0,22242,,3,2,18-05-2026
11/04/2022,Humfried Woodberry,Villa Crespo,Tv,Conceptronic,242783.0,23733,2026-05-10,1,3,2026/05/10
22/05/2022,Cecil Apted,Villa Soldati,Pc Armada,LG,284357.0,21493,,3,1,12-05-2026
31/05/2022,Pennie Hess,San Nicolás,Equipos De Audio,Kensington,363538.0,19762,2026-05-15,3,2,2026/05/15
07/06/2022,Dorotea Brandolini,Villa Soldati,Pc Armada,Vodafone,306030.0,20651,,3,3,18-05-2026
04/03/2022,Humfried Woodberry,Villa Bosch,Electrodomésticos,Synology,204298.0,17818,2026-05-10,3,1,2026/05/10
01/05/2022,Juliet Glynne,Paternal,Pc Armada,LG,221211.0,19275,,5,2,12-05-2026
07/06/2022,Timmy Ashlin,Avellaneda,Tv,Synology,341417.0,21804,2026-05-15,5,3,2026/05/15
29/05/2022,Angelita Lambkin,Palermo,Notebook,Digitus,364599.0,17313,,5,1,18-05-2026
17/04/2022,Christel Zambonini,San Martín,Notebook,Trust,289777.0,25047,2026-05-10,4,2,2026/05/10
09/06/2022,Timmy Ashlin,Villa Bosch,Notebook,Toshiba,273441.0,17050,,5,3,12-05-2026
07/06/2022,Humfried Woodberry,Paternal,Equipos De Audio,Wacom,157097.0,17011,2026-05-15,5,1,2026/05/15
21/04/2022,Christel Zambonini,San Martín,Equipos De Audio,Nord,371265.0,24965,,4,2,18-05-2026
25/01/2022,Mufi Panchin,Avellaneda,Notebook,Millenium,420660.0,16899,2026-05-10,5,3,2026/05/10
07/03/2022,Pennie Hess,Chacarita,Tv,Samsonite,351388.0,23075,,4,1,12-05-2026
29/03/2022,Ursuline Castilla,San Martín,Equipos De Audio,Engel,432270.0,24487,2026-05-15,4,2,2026/05/15
02/01/2022,Mufi Panchin,Flores,Notebook,Samsonite,438053.0,19276,,3,3,18-05-2026
19/03/2022,Timmy Ashlin,Villa Soldati,Electrodomésticos,Millenium,348012.0,25468,2026-05-10,2,1,2026/05/10
04/02/2022,Cecil Apted,Recoleta,Electrodomésticos,LG,174007.0,25511,,3,2,12-05-2026
24/04/2022,Dorotea Brandolini,Ezpeleta,Tv,Millenium,103380.0,19118,2026-05-15,5,3,2026/05/15
11/01/2022,Juliet Glynne,Chacarita,Pc Armada,Netgear,127652.0,16905,,1,1,18-05-2026
19/05/2022,Christel Zambonini,Floresta,Electrodomésticos,Toshiba,407749.0,24119,2026-05-10,1,2,2026/05/10
09/04/2022,Humfried Woodberry,Boedo,Electrodomésticos,Trust,237072.0,20357,,5,3,12-05-2026
30/01/2022,Constantine Creeber,San Nicolás,Equipos De Video,Samsonite,386113.0,22011,2026-05-15,5,1,2026/05/15
27/05/2022,Barde Benoist,Ezpeleta,Equipos De Audio,Engel,395398.0,17549,,2,2,18-05-2026
22/02/2022,Em Edmonson,Flores,Electrodomésticos,Ubiquity,441115.0,20577,2026-05-10,1,3,2026/05/10
08/05/2022,Cecil Apted,Boedo,Tv,Access,331353.0,23999,,4,1,12-05-2026
14/01/2022,Dallis Beefon,Villa Soldati,Equipos De Video,Vodafone,236201.0,22162,2026-05-15,4,2,2026/05/15
24/03/2022,Em Edmonson,Ezeiza,Equipos De Audio,LG,307973.0,17687,,3,3,18-05-2026
10/02/2022,Em Edmonson,Flores,Tv,Vodafone,288346.0,20487,2026-05-10,2,1,2026/05/10
07/04/2022,Pennie Hess,Flores,Equipos De Audio,Trust,372622.0,23430,,1,2,12-05-2026
17/03/2022,Barde Benoist,Villa Bosch,Notebook,Access,389311.0,22323,2026-05-15,1,3,2026/05/15
19/03/2022,Dallis Beefon,Palermo,Tv,Engel,126199.0,18456,,5,1,18-05-2026
23/03/2022,Pennie Hess,Palermo,Equipos De Audio,Engel,276085.0,20059,2026-05-10,2,2,2026/05/10
12/02/2022,Mufi Panchin,Villa Crespo,Equipos De Audio,Synology,336390.0,20754,,3,3,12-05-2026
24/02/2022,Juliet Glynne,Ezeiza,Equipos De Audio,Engel,274517.0,19300,2026-05-15,4,1,2026/05/15
05/04/2022,Em Edmonson,Flores,Notebook,Huawei,203674.0,17834,,5,2,18-05-2026
06/03/2022,Juliet Glynne,Avellaneda,Notebook,Ubiquity,159737.0,19543,2026-05-10,5,3,2026/05/10
24/06/2022,Christel Zambonini,Villa Crespo,Equipos De Video,Nord,212136.0,18546,,1,1,12-05-2026
02/03/2022,Barde Benoist,Floresta,Pc Armada,Millenium,327037.0,17163,2026-05-15,2,2,2026/05/15
14/02/2022,Dorotea Brandolini,San Nicolás,Tv,Trust,141236.0,17443,,2,3,18-05-2026
08/05/2022,Dallis Beefon,San Martín,Tv,Huawei,456288.0,23716,2026-05-10,4,1,2026/05/10
24/05/2022,Barde Benoist,Villa Soldati,Electrodomésticos,Vodafone,205860.0,20562,,1,2,12-05-2026
20/06/2022,Barde Benoist,San Martín,Electrodomésticos,Vodafone,238936.0,18051,2026-05-15,5,3,2026/05/15
27/04/2022,Cecil Apted,Villa Crespo,Notebook,LG,256626.0,21192,,4,1,18-05-2026
21/02/2022,Mufi Panchin,Villa Crespo,Notebook,Kensington,323514.0,24742,2026-05-10,2,2,2026/05/10
10/01/2022,Mufi Panchin,Recoleta,Pc Armada,Ubiquity,137832.0,23828,,3,3,12-05-2026
23/06/2022,Angelita Lambkin,Recoleta,Pc Armada,Belkin,370806.0,18675,2026-05-15,2,1,2026/05/15
16/06/2022,Constantine Creeber,Boedo,Equipos De Video,Engel,398682.0,21348,,4,2,18-05-2026
11/03/2022,Mufi Panchin,Avellaneda,Equipos De Audio,Samsonite,290451.0,23542,2026-05-10,3,3,2026/05/10
05/06/2022,Dallis Beefon,Flores,Electrodomésticos,Synology,303893.0,19376,,5,1,12-05-2026
22/03/2022,Juliet Glynne,Villa Bosch,Equipos De Video,Millenium,414689.0,17433,2026-05-15,3,2,2026/05/15
22/06/2022,Juliet Glynne,Flores,Tv,Netgear,170303.0,17449,,5,3,18-05-2026
08/02/2022,Arvin Bernhardi,Ezeiza,Tv,Huawei,164155.0,18153,2026-05-10,3,1,2026/05/10
30/05/2022,Mufi Panchin,Recoleta,Tv,Netgear,300979.0,24825,,4,2,12-05-2026
22/01/2022,Juliet Glynne,Avellaneda,Notebook,Toshiba,285531.0,23827,2026-05-15,5,3,2026/05/15
23/06/2022,Pennie Hess,Boedo,Equipos De Video,Huawei,354273.0,24220,,3,1,18-05-2026
19/05/2022,Constantine Creeber,Avellaneda,Tv,Access,121037.0,22885,2026-05-10,3,2,2026/05/10
09/02/2022,Mufi Panchin,Floresta,Tv,Trust,308151.0,25120,,3,3,12-05-2026
13/03/2022,Dallis Beefon,Avellaneda,Electrodomésticos,Belkin,335535.0,22728,2026-05-15,4,1,2026/05/15
30/03/2022,Pennie Hess,Chacarita,Equipos De Video,Nord,135629.0,24473,,4,2,18-05-2026
17/02/2022,Pennie Hess,Villa Soldati,Equipos De Audio,Toshiba,423579.0,22074,2026-05-10,2,3,2026/05/10
30/05/2022,Em Edmonson,Ezpeleta,Tv,Conceptronic,260877.0,21520,,3,1,12-05-2026
30/03/2022,Barde Benoist,San Martín,Pc Armada,Access,350851.0,25361,2026-05-15,3,2,2026/05/15
02/02/2022,Dallis Beefon,Paternal,Equipos De Video,Vodafone,125991.0,24496,,3,3,18-05-2026
12/06/2022,Christel Zambonini,Flores,Pc Armada,Samsung,262838.0,21567,2026-05-10,4,1,2026/05/10
09/01/2022,Dorotea Brandolini,Flores,Equipos De Audio,Millenium,314973.0,25534,,2,2,12-05-2026
04/05/2022,Christel Zambonini,Ezpeleta,Tv,Ubiquity,440590.0,24120,2026-05-15,2,3,2026/05/15
24/02/2022,Cecil Apted,San Nicolás,Equipos De Video,Vodafone,189934.0,21034,,4,1,18-05-2026
18/05/2022,Dorotea Brandolini,San Nicolás,Pc Armada,Corsair,171095.0,23618,2026-05-10,2,2,2026/05/10
15/02/2022,Timmy Ashlin,Recoleta,Tv,Huawei,110809.0,17949,,3,3,12-05-2026
11/01/2022,Ursuline Castilla,Villa Soldati,Equipos De Video,Digitus,225322.0,18614,2026-05-15,4,1,2026/05/15
08/06/2022,Constantine Creeber,San Martín,Pc Armada,Netgear,131508.0,20546,,4,2,18-05-2026
21/03/2022,Arvin Bernhardi,San Nicolás,Pc Armada,LG,276446.0,23956,2026-05-10,3,3,2026/05/10
26/04/2022,Arvin Bernhardi,Ezpeleta,Equipos De Video,Conceptronic,356835.0,21343,,2,1,12-05-2026
28/05/2022,Barde Benoist,Paternal,Pc Armada,Corsair,221603.0,21883,2026-05-15,5,2,2026/05/15
03/06/2022,Timmy Ashlin,Boedo,Electrodomésticos,Access,403225.0,23946,,4,3,18-05-2026
09/06/2022,Dallis Beefon,Ezpeleta,Tv,Toshiba,413230.0,21337,2026-05-10,1,1,2026/05/10
13/03/2022,Cecil Apted,Flores,Notebook,Synology,416244.0,20176,,5,2,12-05-2026
10/02/2022,Dorotea Brandolini,Paternal,Equipos De Video,Netgear,187097.0,24309,2026-05-15,4,3,2026/05/15
06/06/2022,Angelita Lambkin,San Nicolás,Notebook,Toshiba,229624.0,21686,,5,1,18-05-2026
09/04/2022,Cecil Apted,Avellaneda,Pc Armada,Corsair,295101.0,16887,2026-05-10,5,2,2026/05/10
27/05/2022,Juliet Glynne,Paternal,Pc Armada,Wacom,274025.0,23744,,1,3,12-05-2026
24/03/2022,Pennie Hess,Paternal,Pc Armada,Vodafone,420444.0,20244,2026-05-15,1,1,2026/05/15
14/02/2022,Angelita Lambkin,Villa Crespo,Electrodomésticos,Startech,379929.0,18592,,1,2,18-05-2026
03/02/2022,Cecil Apted,Ezeiza,Electrodomésticos,Samsung,408721.0,17079,2026-05-10,4,3,2026/05/10
08/05/2022,Angelita Lambkin,Villa Crespo,Equipos De Video,Belkin,308495.0,22266,,5,1,12-05-2026
07/06/2022,Angelita Lambkin,Boedo,Equipos De Audio,Corsair,356025.0,17273,2026-05-15,3,2,2026/05/15
29/04/2022,Dallis Beefon,Floresta,Tv,Belkin,364730.0,24944,,1,3,18-05-2026
01/01/2022,Angelita Lambkin,Villa Crespo,Pc Armada,Synology,234704.0,24563,2026-05-10,5,1,2026/05/10
09/01/2022,Em Edmonson,Villa Crespo,Electrodomésticos,Netgear,244664.0,21970,,5,2,12-05-2026
15/04/2022,Cecil Apted,Flores,Equipos De Audio,Corsair,328018.0,21388,2026-05-15,2,3,2026/05/15
16/06/2022,Dorotea Brandolini,Paternal,Equipos De Audio,Synology,183963.0,16954,,3,1,18-05-2026
14/03/2022,Pennie Hess,San Martín,Tv,Startech,159810.0,23395,2026-05-10,2,2,2026/05/10
17/02/2022,Arvin Bernhardi,Paternal,Notebook,LG,136617.0,23615,,2,3,12-05-2026
14/01/2022,Em Edmonson,San Martín,Notebook,Belkin,404333.0,23306,2026-05-15,1,1,2026/05/15
19/03/2022,Mufi Panchin,Floresta,Electrodomésticos,Engel,253812.0,16769,,3,2,18-05-2026
13/04/2022,Pennie Hess,Villa Soldati,Pc Armada,Xiaomi,114338.0,17910,2026-05-10,4,3,2026/05/10
21/06/2022,Humfried Woodberry,San Martín,Tv,Huawei,117091.0,23143,,3,1,12-05-2026
11/04/2022,Dorotea Brandolini,Recoleta,Equipos De Video,Nord,368655.0,18078,2026-05-15,5,2,2026/05/15
24/04/2022,Angelita Lambkin,Palermo,Notebook,Vodafone,293771.0,21102,,4,3,18-05-2026
30/01/2022,Mufi Panchin,Villa Bosch,Notebook,Access,433667.0,24607,2026-05-10,5,1,2026/05/10
07/03/2022,Christel Zambonini,Palermo,Equipos De Video,Digitus,159944.0,25056,,5,2,12-05-2026
23/06/2022,Constantine Creeber,San Martín,Electrodomésticos,Conceptronic,410024.0,19955,2026-05-15,5,3,2026/05/15
11/03/2022,Cecil Apted,Flores,Pc Armada,Kensington,398761.0,17334,,4,1,18-05-2026
26/03/2022,Timmy Ashlin,San Martín,Notebook,Huawei,383721.0,17810,2026-05-10,4,2,2026/05/10
31/05/2022,Constantine Creeber,Flores,Pc Armada,Digitus,380776.0,20722,,1,3,12-05-2026
13/05/2022,Mufi Panchin,San Martín,Equipos De Video,Nord,317915.0,24669,2026-05-15,5,1,2026/05/15
11/03/2022,Mufi Panchin,Villa Bosch,Electrodomésticos,Engel,382571.0,23265,,3,2,18-05-2026
05/01/2022,Cecil Apted,Floresta,Notebook,Toshiba,226807.0,20229,2026-05-10,2,3,2026/05/10
01/02/2022,Ursuline Castilla,Recoleta,Pc Armada,Wacom,263855.0,19098,,2,1,12-05-2026
11/03/2022,Pennie Hess,Palermo,Notebook,Synology,137387.0,19291,2026-05-15,3,2,2026/05/15
27/05/2022,Cecil Apted,San Martín,Electrodomésticos,Synology,412352.0,22649,,2,3,18-05-2026
21/02/2022,Em Edmonson,Flores,Tv,Vodafone,226724.0,19047,2026-05-10,4,1,2026/05/10
19/05/2022,Barde Benoist,Villa Soldati,Tv,Netgear,443819.0,21379,,1,2,12-05-2026
21/04/2022,Mufi Panchin,Ezpeleta,Notebook,LG,290183.0,17558,2026-05-15,2,3,2026/05/15
19/05/2022,Dallis Beefon,San Martín,Pc Armada,Startech,319145.0,18158,,5,1,18-05-2026
03/04/2022,Angelita Lambkin,Floresta,Equipos De Audio,Wacom,344986.0,16695,2026-05-10,4,2,2026/05/10
21/06/2022,Constantine Creeber,Ezpeleta,Equipos De Audio,Xiaomi,457338.0,20666,,1,3,12-05-2026
19/02/2022,Cecil Apted,Chacarita,Tv,LG,184029.0,18294,2026-05-15,4,1,2026/05/15
23/02/2022,Cecil Apted,Palermo,Tv,Samsonite,253496.0,17907,,3,2,18-05-2026
25/06/2022,Arvin Bernhardi,Avellaneda,Pc Armada,Toshiba,292557.0,18607,2026-05-10,2,3,2026/05/10
13/04/2022,Angelita Lambkin,Villa Soldati,Tv,Samsonite,140209.0,21030,,2,1,12-05-2026
13/05/2022,Dorotea Brandolini,Ezeiza,Equipos De Audio,Conceptronic,154433.0,23838,2026-05-15,5,2,2026/05/15
25/04/2022,Barde Benoist,Chacarita,Notebook,Huawei,458339.0,23038,,3,3,18-05-2026
12/06/2022,Mufi Panchin,Palermo,Notebook,Samsonite,342807.0,17876,2026-05-10,4,1,2026/05/10
13/04/2022,Dallis Beefon,Chacarita,Tv,Toshiba,327006.0,24226,,4,2,12-05-2026
06/03/2022,Angelita Lambkin,Recoleta,Pc Armada,Startech,267174.0,20456,2026-05-15,5,3,2026/05/15
04/06/2022,Christel Zambonini,Paternal,Electrodomésticos,Millenium,426089.0,21154,,2,1,18-05-2026
23/01/2022,Constantine Creeber,Flores,Tv,Toshiba,232717.0,18534,2026-05-10,5,2,2026/05/10
06/01/2022,Ursuline Castilla,Villa Crespo,Electrodomésticos,Belkin,184486.0,18346,,2,3,12-05-2026
21/03/2022,Pennie Hess,San Nicolás,Equipos De Audio,Engel,154482.0,18660,2026-05-15,4,1,2026/05/15
28/05/2022,Mufi Panchin,Boedo,Electrodomésticos,Ubiquity,269422.0,19399,,1,2,18-05-2026
02/01/2022,Humfried Woodberry,Ezpeleta,Pc Armada,Millenium,311735.0,20630,2026-05-10,5,3,2026/05/10
21/02/2022,Humfried Woodberry,Villa Bosch,Electrodomésticos,Samsonite,372537.0,24517,,3,1,12-05-2026
27/01/2022,Barde Benoist,Paternal,Pc Armada,Samsonite,454531.0,18169,2026-05-15,4,2,2026/05/15
15/02/2022,Christel Zambonini,Boedo,Equipos De Audio,Access,225062.0,23771,,4,3,18-05-2026
03/03/2022,Timmy Ashlin,Villa Soldati,Equipos De Video,Samsung,249048.0,17420,2026-05-10,2,1,2026/05/10
26/04/2022,Constantine Creeber,Villa Bosch,Notebook,Millenium,334353.0,23371,,1,2,12-05-2026
02/05/2022,Arvin Bernhardi,Palermo,Notebook,Kensington,292102.0,23161,2026-05-15,1,3,2026/05/15
02/03/2022,Cecil Apted,Villa Soldati,Equipos De Audio,Corsair,426114.0,17480,,1,1,18-05-2026
02/05/2022,Ursuline Castilla,Avellaneda,Equipos De Video,Access,170188.0,17626,2026-05-10,1,2,2026/05/10
23/06/2022,Pennie Hess,Ezpeleta,Notebook,Toshiba,451085.0,24096,,5,3,12-05-2026
12/02/2022,Em Edmonson,Avellaneda,Tv,Access,152383.0,24093,2026-05-15,1,1,2026/05/15
21/06/2022,Humfried Woodberry,San Martín,Notebook,Corsair,440641.0,19741,,1,2,18-05-2026
06/01/2022,Timmy Ashlin,Boedo,Tv,Samsung,384577.0,25542,2026-05-10,4,3,2026/05/10
21/06/2022,Arvin Bernhardi,Recoleta,Equipos De Audio,Corsair,247187.0,17361,,1,1,12-05-2026
11/06/2022,Mufi Panchin,Villa Soldati,Equipos De Video,Huawei,238920.0,20524,2026-05-15,4,2,2026/05/15
12/02/2022,Humfried Woodberry,Paternal,Electrodomésticos,Conceptronic,445284.0,17922,,2,3,18-05-2026
07/04/2022,Pennie Hess,Villa Soldati,Electrodomésticos,Startech,282901.0,17378,2026-05-10,2,1,2026/05/10
04/06/2022,Barde Benoist,Paternal,Equipos De Video,Samsung,440103.0,19585,,3,2,12-05-2026
22/05/2022,Angelita Lambkin,Flores,Tv,Wacom,228977.0,22165,2026-05-15,1,3,2026/05/15
06/04/2022,Pennie Hess,Boedo,Equipos De Audio,Conceptronic,449460.0,24679,,2,1,18-05-2026
01/03/2022,Dorotea Brandolini,Ezeiza,Pc Armada,Netgear,317514.0,21109,2026-05-10,4,2,2026/05/10
09/04/2022,Barde Benoist,Chacarita,Notebook,Vodafone,312652.0,22374,,4,3,12-05-2026
03/06/2022,Humfried Woodberry,Floresta,Pc Armada,Wacom,374320.0,19057,2026-05-15,3,1,2026/05/15
17/03/2022,Christel Zambonini,Ezeiza,Notebook,Samsung,105891.0,23328,,5,2,18-05-2026
14/02/2022,Humfried Woodberry,Palermo,Pc Armada,Startech,227569.0,16691,2026-05-10,3,3,2026/05/10
07/04/2022,Dallis Beefon,Recoleta,Pc Armada,Kensington,376764.0,17121,,2,1,12-05-2026
22/03/2022,Mufi Panchin,Palermo,Electrodomésticos,Trust,316419.0,23220,2026-05-15,3,2,2026/05/15
11/02/2022,Juliet Glynne,San Nicolás,Notebook,Trust,433788.0,16694,,5,3,18-05-2026
21/01/2022,Pennie Hess,San Nicolás,Electrodomésticos,Belkin,340721.0,24858,2026-05-10,5,1,2026/05/10
05/05/2022,Mufi Panchin,Floresta,Equipos De Audio,Vodafone,160062.0,19217,,1,2,12-05-2026
20/04/2022,Ursuline Castilla,Villa Bosch,Notebook,Samsung,446050.0,20956,2026-05-15,5,3,2026/05/15
05/06/2022,Humfried Woodberry,San Nicolás,Equipos De Audio,Kensington,357791.0,18678,,2,1,18-05-2026
19/01/2022,Timmy Ashlin,Villa Soldati,Equipos De Audio,Synology,355994.0,18163,2026-05-10,3,2,2026/05/10
21/06/2022,Em Edmonson,Ezpeleta,Tv,Access,152695.0,22109,,3,3,12-05-2026
30/01/2022,Humfried Woodberry,Avellaneda,Equipos De Video,Samsonite,133354.0,21236,2026-05-15,1,1,2026/05/15
08/05/2022,Juliet Glynne,Paternal,Notebook,Trust,117094.0,23056,,1,2,18-05-2026
26/01/2022,Arvin Bernhardi,San Nicolás,Notebook,Synology,322962.0,22484,2026-05-10,1,3,2026/05/10
03/01/2022,Dorotea Brandolini,Paternal,Notebook,Xiaomi,321203.0,21934,,4,1,12-05-2026
18/02/2022,Ursuline Castilla,Ezeiza,Electrodomésticos,Ubiquity,201520.0,23544,2026-05-15,3,2,2026/05/15
12/04/2022,Em Edmonson,Floresta,Equipos De Audio,Vodafone,241507.0,19019,,4,3,18-05-2026
25/05/2022,Barde Benoist,San Nicolás,Equipos De Audio,Trust,334255.0,25390,2026-05-10,5,1,2026/05/10
01/06/2022,Dorotea Brandolini,Recoleta,Notebook,LG,383326.0,17509,,4,2,12-05-2026
18/05/2022,Christel Zambonini,Flores,Pc Armada,Digitus,247874.0,18629,2026-05-15,1,3,2026/05/15
22/02/2022,Angelita Lambkin,Ezeiza,Pc Armada,Startech,342590.0,19691,,4,1,18-05-2026
11/04/2022,Humfried Woodberry,Floresta,Notebook,Conceptronic,220768.0,22895,2026-05-10,3,2,2026/05/10
07/03/2022,Arvin Bernhardi,Paternal,Equipos De Video,Millenium,322288.0,17945,,3,3,12-05-2026
24/03/2022,Humfried Woodberry,Paternal,Notebook,Access,348714.0,25244,2026-05-15,1,1,2026/05/15
19/01/2022,Barde Benoist,Palermo,Electrodomésticos,Startech,167970.0,25292,,5,2,18-05-2026
18/06/2022,Cecil Apted,Paternal,Notebook,Synology,248332.0,21152,2026-05-10,1,3,2026/05/10
28/01/2022,Constantine Creeber,Ezeiza,Tv,Xiaomi,316954.0,21872,,1,1,12-05-2026
09/03/2022,Arvin Bernhardi,Ezpeleta,Pc Armada,Engel,369365.0,23766,2026-05-15,1,2,2026/05/15
02/06/2022,Juliet Glynne,Ezeiza,Electrodomésticos,Xiaomi,296856.0,22604,,1,3,18-05-2026
18/05/2022,Dallis Beefon,Villa Bosch,Notebook,Samsung,247652.0,19235,2026-05-10,4,1,2026/05/10
23/06/2022,Pennie Hess,Flores,Tv,Engel,445121.0,21617,,1,2,12-05-2026
23/02/2022,Em Edmonson,San Nicolás,Equipos De Video,Corsair,265033.0,24377,2026-05-15,4,3,2026/05/15
02/03/2022,Dallis Beefon,Ezeiza,Electrodomésticos,Belkin,458624.0,19759,,3,1,18-05-2026
04/06/2022,Pennie Hess,Floresta,Tv,Toshiba,162756.0,23806,2026-05-10,2,2,2026/05/10
07/06/2022,Dallis Beefon,Villa Bosch,Pc Armada,Ubiquity,203898.0,23105,,3,3,12-05-2026
22/02/2022,Christel Zambonini,Avellaneda,Pc Armada,Startech,258904.0,19473,2026-05-15,4,1,2026/05/15
25/01/2022,Ursuline Castilla,Chacarita,Pc Armada,Startech,382837.0,18651,,5,2,18-05-2026
08/03/2022,Em Edmonson,San Nicolás,Electrodomésticos,Kensington,457018.0,24618,2026-05-10,3,3,2026/05/10
10/06/2022,Angelita Lambkin,Avellaneda,Notebook,Vodafone,162499.0,24094,,1,1,12-05-2026
26/06/2022,Em Edmonson,Villa Crespo,Equipos De Audio,Conceptronic,197456.0,20132,2026-05-15,5,2,2026/05/15
27/05/2022,Christel Zambonini,Villa Crespo,Equipos De Video,Nord,293005.0,23265,,4,3,18-05-2026
23/03/2022,Juliet Glynne,Floresta,Equipos De Video,Belkin,148417.0,20720,2026-05-10,5,1,2026/05/10
05/02/2022,Juliet Glynne,Recoleta,Tv,Nord,375361.0,23167,,4,2,12-05-2026
26/05/2022,Barde Benoist,Villa Bosch,Notebook,LG,389942.0,22286,2026-05-15,4,3,2026/05/15
01/05/2022,Humfried Woodberry,Palermo,Equipos De Video,Huawei,219905.0,21419,,4,1,18-05-2026
22/02/2022,Mufi Panchin,San Nicolás,Pc Armada,Wacom,118917.0,21691,2026-05-10,4,2,2026/05/10
18/02/2022,Dorotea Brandolini,Villa Crespo,Tv,Kensington,159596.0,20802,,3,3,12-05-2026
17/06/2022,Ursuline Castilla,Flores,Notebook,Digitus,458199.0,21928,2026-05-15,2,1,2026/05/15
19/02/2022,Timmy Ashlin,San Nicolás,Notebook,Corsair,418988.0,22586,,3,2,18-05-2026
18/04/2022,Dallis Beefon,Villa Crespo,Equipos De Video,Trust,118423.0,23138,2026-05-10,3,3,2026/05/10
16/04/2022,Constantine Creeber,Villa Soldati,Electrodomésticos,Wacom,177940.0,22815,,2,1,12-05-2026
17/04/2022,Constantine Creeber,Paternal,Tv,Netgear,275529.0,23828,2026-05-15,1,2,2026/05/15
07/04/2022,Arvin Bernhardi,Boedo,Equipos De Video,Synology,457951.0,20525,,3,3,18-05-2026
05/01/2022,Em Edmonson,Villa Bosch,Notebook,LG,162237.0,16647,2026-05-10,4,1,2026/05/10
27/06/2022,Timmy Ashlin,Chacarita,Tv,Samsung,221019.0,22699,,5,2,12-05-2026
18/03/2022,Ursuline Castilla,Flores,Equipos De Video,Netgear,402604.0,23559,2026-05-15,4,3,2026/05/15
18/04/2022,Ursuline Castilla,San Nicolás,Pc Armada,Xiaomi,188279.0,18151,,5,1,18-05-2026
05/03/2022,Angelita Lambkin,Floresta,Equipos De Video,Kensington,207044.0,23618,2026-05-10,1,2,2026/05/10
04/06/2022,Pennie Hess,Chacarita,Tv,Huawei,215131.0,17643,,1,3,12-05-2026
26/02/2022,Ursuline Castilla,Villa Soldati,Notebook,Kensington,179420.0,24863,2026-05-15,5,1,2026/05/15
27/01/2022,Christel Zambonini,Recoleta,Tv,Nord,284781.0,21241,,5,2,18-05-2026
02/02/2022,Em Edmonson,Villa Crespo,Equipos De Audio,Xiaomi,336159.0,24710,2026-05-10,5,3,2026/05/10
17/06/2022,Timmy Ashlin,Ezeiza,Notebook,Netgear,391814.0,23466,,5,1,12-05-2026
24/02/2022,Juliet Glynne,Paternal,Notebook,Nord,331181.0,23717,2026-05-15,3,2,2026/05/15
16/03/2022,Em Edmonson,San Nicolás,Equipos De Audio,Trust,438852.0,25460,,4,3,18-05-2026
29/01/2022,Constantine Creeber,San Nicolás,Tv,Xiaomi,105582.0,19046,2026-05-10,2,1,2026/05/10
01/04/2022,Ursuline Castilla,San Martín,Tv,Kensington,164962.0,18307,,2,2,12-05-2026
21/06/2022,Mufi Panchin,Recoleta,Tv,Wacom,219336.0,24445,2026-05-15,1,3,2026/05/15
21/04/2022,Arvin Bernhardi,Paternal,Tv,Millenium,386667.0,22694,,5,1,18-05-2026
31/03/2022,Angelita Lambkin,Paternal,Tv,Trust,198108.0,17490,2026-05-10,4,2,2026/05/10
18/04/2022,Cecil Apted,Boedo,Electrodomésticos,Ubiquity,183234.0,22552,,1,3,12-05-2026
29/05/2022,Dorotea Brandolini,Villa Bosch,Tv,Synology,114639.0,19874,2026-05-15,5,1,2026/05/15
30/04/2022,Timmy Ashlin,Floresta,Electrodomésticos,Samsung,136423.0,20084,,1,2,18-05-2026
08/01/2022,Pennie Hess,Villa Bosch,Pc Armada,Samsonite,285657.0,20290,2026-05-10,5,3,2026/05/10
30/01/2022,Mufi Panchin,Chacarita,Tv,Belkin,336582.0,24316,,5,1,12-05-2026
17/01/2022,Cecil Apted,Recoleta,Notebook,Millenium,384210.0,18811,2026-05-15,2,2,2026/05/15
07/04/2022,Timmy Ashlin,Ezeiza,Electrodomésticos,Corsair,141516.0,24904,,2,3,18-05-2026
03/06/2022,Cecil Apted,Villa Crespo,Equipos De Video,LG,204789.0,22945,2026-05-10,1,1,2026/05/10
07/06/2022,Cecil Apted,Recoleta,Tv,Digitus,171039.0,25278,,4,2,12-05-2026
03/05/2022,Mufi Panchin,Flores,Equipos De Audio,Ubiquity,382384.0,21853,2026-05-15,4,3,2026/05/15
15/06/2022,Pennie Hess,Paternal,Equipos De Video,Digitus,124867.0,23391,,5,1,18-05-2026
03/03/2022,Mufi Panchin,Avellaneda,Equipos De Audio,Synology,429103.0,16590,2026-05-10,5,2,2026/05/10
01/06/2022,Arvin Bernhardi,Palermo,Electrodomésticos,Wacom,149734.0,19162,,2,3,12-05-2026
05/05/2022,Ursuline Castilla,San Martín,Equipos De Video,Samsonite,396627.0,18734,2026-05-15,1,1,2026/05/15
27/02/2022,Humfried Woodberry,San Nicolás,Pc Armada,Access,120505.0,16818,,3,2,18-05-2026
04/06/2022,Barde Benoist,Boedo,Equipos De Video,LG,134708.0,24776,2026-05-10,2,3,2026/05/10
08/05/2022,Angelita Lambkin,Villa Soldati,Notebook,Wacom,247648.0,20549,,3,1,12-05-2026
24/02/2022,Juliet Glynne,San Nicolás,Tv,Ubiquity,199569.0,18132,2026-05-15,3,2,2026/05/15
11/01/2022,Humfried Woodberry,Palermo,Tv,Startech,314689.0,23308,,1,3,18-05-2026
04/03/2022,Mufi Panchin,Villa Bosch,Tv,Samsung,359254.0,23177,2026-05-10,1,1,2026/05/10
01/06/2022,Juliet Glynne,Villa Soldati,Equipos De Video,Startech,150211.0,17717,,4,2,12-05-2026
21/02/2022,Mufi Panchin,San Martín,Notebook,Synology,441244.0,19862,2026-05-15,3,3,2026/05/15
10/01/2022,Timmy Ashlin,Floresta,Equipos De Audio,Engel,369135.0,23101,,4,1,18-05-2026
13/04/2022,Arvin Bernhardi,Boedo,Equipos De Video,Samsung,310257.0,24749,2026-05-10,2,2,2026/05/10
12/01/2022,Constantine Creeber,Flores,Notebook,Huawei,210243.0,17246,,3,3,12-05-2026
09/06/2022,Arvin Bernhardi,Boedo,Tv,Toshiba,337435.0,22246,2026-05-15,4,1,2026/05/15
18/03/2022,Angelita Lambkin,Ezeiza,Equipos De Audio,Digitus,186820.0,24113,,2,2,18-05-2026
23/02/2022,Barde Benoist,San Martín,Electrodomésticos,Startech,237411.0,18947,2026-05-10,1,3,2026/05/10
31/05/2022,Dallis Beefon,Boedo,Pc Armada,LG,223025.0,24404,,5,1,12-05-2026
27/04/2022,Mufi Panchin,Chacarita,Electrodomésticos,Belkin,348975.0,24075,2026-05-15,1,2,2026/05/15
21/06/2022,Dorotea Brandolini,Avellaneda,Equipos De Video,Synology,317174.0,20081,,5,3,18-05-2026
28/04/2022,Constantine Creeber,Palermo,Electrodomésticos,Conceptronic,362101.0,23829,2026-05-10,5,1,2026/05/10
30/04/2022,Barde Benoist,Flores,Equipos De Audio,Belkin,253469.0,25007,,3,2,12-05-2026
30/01/2022,Cecil Apted,Chacarita,Equipos De Video,LG,366538.0,23406,2026-05-15,1,3,2026/05/15
26/01/2022,Dallis Beefon,Palermo,Tv,Nord,232994.0,23645,,2,1,18-05-2026
12/05/2022,Arvin Bernhardi,Ezeiza,Equipos De Audio,Samsonite,360553.0,22931,2026-05-10,2,2,2026/05/10
13/02/2022,Angelita Lambkin,Palermo,Notebook,Synology,258518.0,20140,,2,3,12-05-2026
10/06/2022,Cecil Apted,Ezeiza,Electrodomésticos,Millenium,426016.0,20431,2026-05-15,4,1,2026/05/15
16/01/2022,Cecil Apted,Villa Bosch,Notebook,Samsonite,456918.0,18172,,2,2,18-05-2026
01/02/2022,Dallis Beefon,Recoleta,Pc Armada,Digitus,155840.0,21638,2026-05-10,5,3,2026/05/10
03/04/2022,Pennie Hess,Floresta,Notebook,Access,383409.0,16802,,2,1,12-05-2026
17/03/2022,Angelita Lambkin,San Nicolás,Equipos De Audio,Belkin,218842.0,23372,2026-05-15,1,2,2026/05/15
14/01/2022,Juliet Glynne,Avellaneda,Pc Armada,Conceptronic,182052.0,21065,,4,3,18-05-2026
21/02/2022,Dallis Beefon,Villa Bosch,Notebook,Ubiquity,132714.0,24027,2026-05-10,3,1,2026/05/10
03/05/2022,Dallis Beefon,Chacarita,Electrodomésticos,Corsair,392616.0,22412,,3,2,12-05-2026
03/05/2022,Dorotea Brandolini,Avellaneda,Tv,Access,132083.0,25365,2026-05-15,4,3,2026/05/15
23/05/2022,Dorotea Brandolini,Recoleta,Pc Armada,Wacom,126323.0,20107,,2,1,18-05-2026
19/03/2022,Ursuline Castilla,Avellaneda,Notebook,Netgear,368596.0,20586,2026-05-10,3,2,2026/05/10
21/03/2022,Angelita Lambkin,Ezeiza,Pc Armada,Samsung,366201.0,16806,,3,3,12-05-2026
25/01/2022,Juliet Glynne,Ezpeleta,Pc Armada,Samsung,152034.0,19333,2026-05-15,5,1,2026/05/15
28/06/2022,Timmy Ashlin,Villa Bosch,Electrodomésticos,Startech,316966.0,25054,,5,2,18-05-2026
25/02/2022,Timmy Ashlin,Avellaneda,Pc Armada,Netgear,346276.0,23481,2026-05-10,5,3,2026/05/10
03/05/2022,Dorotea Brandolini,Villa Soldati,Equipos De Video,Engel,389541.0,18793,,5,1,12-05-2026
21/05/2022,Mufi Panchin,Floresta,Tv,LG,166119.0,22512,2026-05-15,4,2,2026/05/15
13/03/2022,Humfried Woodberry,Boedo,Notebook,Kensington,255784.0,19287,,2,3,18-05-2026
02/03/2022,Timmy Ashlin,Villa Soldati,Equipos De Audio,Vodafone,345229.0,22541,2026-05-10,1,1,2026/05/10
03/06/2022,Angelita Lambkin,Paternal,Equipos De Audio,Synology,367464.0,25428,,3,2,12-05-2026
13/03/2022,Timmy Ashlin,Recoleta,Equipos De Audio,Ubiquity,324472.0,21532,2026-05-15,4,3,2026/05/15
17/02/2022,Juliet Glynne,Ezpeleta,Equipos De Audio,Xiaomi,195390.0,21987,,5,1,18-05-2026
27/03/2022,Dallis Beefon,Villa Crespo,Equipos De Video,Conceptronic,133236.0,20677,2026-05-10,2,2,2026/05/10
27/04/2022,Angelita Lambkin,Ezeiza,Electrodomésticos,Huawei,334749.0,17946,,2,3,12-05-2026
29/04/2022,Mufi Panchin,San Nicolás,Tv,Samsonite,229718.0,19129,2026-05-15,4,1,2026/05/15
01/05/2022,Constantine Creeber,Villa Crespo,Equipos De Audio,Vodafone,297912.0,24775,,3,2,18-05-2026
22/06/2022,Dorotea Brandolini,Ezpeleta,Equipos De Audio,Vodafone,436809.0,20860,2026-05-10,5,3,2026/05/10
29/05/2022,Humfried Woodberry,San Nicolás,Notebook,Digitus,201594.0,21036,,4,1,12-05-2026
30/01/2022,Ursuline Castilla,Recoleta,Notebook,Ubiquity,308296.0,17634,2026-05-15,1,2,2026/05/15
24/06/2022,Cecil Apted,Villa Bosch,Electrodomésticos,Startech,442226.0,20783,,2,3,18-05-2026
23/03/2022,Arvin Bernhardi,Ezeiza,Notebook,Corsair,233498.0,22302,2026-05-10,4,1,2026/05/10
05/04/2022,Dallis Beefon,San Nicolás,Tv,Synology,270969.0,19936,,5,2,12-05-2026
19/05/2022,Ursuline Castilla,Villa Crespo,Notebook,LG,253301.0,22838,2026-05-15,2,3,2026/05/15
16/01/2022,Ursuline Castilla,San Nicolás,Pc Armada,Ubiquity,187639.0,22190,,2,1,18-05-2026
07/05/2022,Em Edmonson,Ezeiza,Equipos De Audio,Millenium,427793.0,25478,2026-05-10,3,2,2026/05/10
23/04/2022,Pennie Hess,Ezeiza,Pc Armada,Netgear,140451.0,19685,,5,3,12-05-2026
06/02/2022,Mufi Panchin,Palermo,Tv,Wacom,368160.0,22978,2026-05-15,1,1,2026/05/15
05/05/2022,Mufi Panchin,Floresta,Tv,Wacom,365089.0,19844,,5,2,18-05-2026
21/03/2022,Pennie Hess,Palermo,Electrodomésticos,Kensington,196273.0,23863,2026-05-10,2,3,2026/05/10
22/02/2022,Timmy Ashlin,Flores,Electrodomésticos,Belkin,351177.0,24518,,1,1,12-05-2026
04/05/2022,Mufi Panchin,Chacarita,Equipos De Video,Vodafone,400679.0,22697,2026-05-15,1,2,2026/05/15
01/05/2022,Timmy Ashlin,Chacarita,Tv,Vodafone,451366.0,17910,,3,3,18-05-2026
27/04/2022,Barde Benoist,Paternal,Equipos De Video,Nord,320985.0,24162,2026-05-10,5,1,2026/05/10
07/05/2022,Angelita Lambkin,Recoleta,Equipos De Audio,Trust,250151.0,22548,,3,2,12-05-2026
23/03/2022,Arvin Bernhardi,Ezpeleta,Pc Armada,Xiaomi,107160.0,24574,2026-05-15,2,3,2026/05/15
30/01/2022,Angelita Lambkin,Paternal,Equipos De Video,Conceptronic,100842.0,23834,,3,1,18-05-2026
05/03/2022,Arvin Bernhardi,Floresta,Tv,Corsair,447134.0,18186,2026-05-10,3,2,2026/05/10
15/05/2022,Dorotea Brandolini,Paternal,Notebook,Millenium,260585.0,22600,,4,3,12-05-2026
03/04/2022,Em Edmonson,Villa Crespo,Electrodomésticos,Ubiquity,169145.0,22521,2026-05-15,4,1,2026/05/15
28/06/2022,Pennie Hess,Palermo,Electrodomésticos,Startech,310393.0,21833,,4,2,18-05-2026
09/01/2022,Barde Benoist,Floresta,Equipos De Video,Digitus,313761.0,23704,2026-05-10,3,3,2026/05/10
28/04/2022,Arvin Bernhardi,Chacarita,Tv,Digitus,356817.0,22129,,4,1,12-05-2026
28/03/2022,Humfried Woodberry,Palermo,Equipos De Audio,LG,124922.0,19675,2026-05-15,5,2,2026/05/15
17/02/2022,Mufi Panchin,San Martín,Pc Armada,Netgear,188894.0,17534,,5,3,18-05-2026
07/01/2022,Ursuline Castilla,Chacarita,Electrodomésticos,Conceptronic,344773.0,19523,2026-05-10,5,1,2026/05/10
21/03/2022,Pennie Hess,Paternal,Pc Armada,Huawei,296332.0,21247,,4,2,12-05-2026
27/04/2022,Mufi Panchin,Boedo,Pc Armada,Huawei,451575.0,23051,2026-05-15,4,3,2026/05/15
02/06/2022,Juliet Glynne,Floresta,Pc Armada,LG,189238.0,20823,,2,1,18-05-2026
31/01/2022,Christel Zambonini,San Martín,Pc Armada,Engel,359456.0,18254,2026-05-10,3,2,2026/05/10
30/01/2022,Christel Zambonini,Ezeiza,Pc Armada,Synology,401271.0,19866,,2,3,12-05-2026
30/05/2022,Ursuline Castilla,Avellaneda,Electrodomésticos,Trust,311373.0,20466,2026-05-15,4,1,2026/05/15
13/03/2022,Timmy Ashlin,Recoleta,Tv,Wacom,102269.0,23291,,4,2,18-05-2026
17/06/2022,Timmy Ashlin,Paternal,Equipos De Audio,Ubiquity,430487.0,24143,2026-05-10,1,3,2026/05/10
09/06/2022,Juliet Glynne,Avellaneda,Equipos De Audio,Samsonite,330090.0,18438,,3,1,12-05-2026
26/05/2022,Dallis Beefon,Flores,Electrodomésticos,Samsonite,147176.0,20773,2026-05-15,3,2,2026/05/15
24/01/2022,Christel Zambonini,San Nicolás,Equipos De Audio,Access,160518.0,25306,,5,3,18-05-2026
21/01/2022,Dallis Beefon,Ezpeleta,Electrodomésticos,Millenium,124406.0,17653,2026-05-10,2,1,2026/05/10
16/06/2022,Angelita Lambkin,Villa Crespo,Notebook,Toshiba,153310.0,17447,,3,2,12-05-2026
01/05/2022,Ursuline Castilla,Villa Soldati,Electrodomésticos,Kensington,290406.0,20073,2026-05-15,4,3,2026/05/15
08/04/2022,Angelita Lambkin,Recoleta,Pc Armada,Xiaomi,426953.0,21750,,1,1,18-05-2026
28/01/2022,Arvin Bernhardi,Palermo,Electrodomésticos,Synology,354218.0,20637,2026-05-10,3,2,2026/05/10
28/06/2022,Humfried Woodberry,Chacarita,Equipos De Audio,Access,353695.0,23943,,2,3,12-05-2026
23/06/2022,Juliet Glynne,Boedo,Electrodomésticos,Belkin,318007.0,20023,2026-05-15,4,1,2026/05/15
31/03/2022,Constantine Creeber,Ezpeleta,Notebook,Toshiba,147070.0,23947,,2,2,18-05-2026
07/03/2022,Juliet Glynne,Ezpeleta,Pc Armada,Digitus,149150.0,17240,2026-05-10,5,3,2026/05/10
25/05/2022,Cecil Apted,Floresta,Notebook,Netgear,155274.0,19202,,4,1,12-05-2026
29/03/2022,Angelita Lambkin,Flores,Tv,LG,204190.0,25031,2026-05-15,3,2,2026/05/15
14/06/2022,Dallis Beefon,Boedo,Electrodomésticos,Ubiquity,332611.0,21712,,4,3,18-05-2026
15/02/2022,Cecil Apted,Villa Crespo,Notebook,Millenium,386362.0,25072,2026-05-10,2,1,2026/05/10
24/06/2022,Timmy Ashlin,Ezeiza,Equipos De Video,Samsung,415192.0,24177,,1,2,12-05-2026
04/06/2022,Ursuline Castilla,San Nicolás,Pc Armada,Nord,389033.0,16844,2026-05-15,3,3,2026/05/15
01/04/2022,Pennie Hess,Villa Soldati,Notebook,Conceptronic,447769.0,23405,,1,1,18-05-2026
01/01/2022,Humfried Woodberry,Villa Soldati,Tv,Conceptronic,386682.0,20614,2026-05-10,1,2,2026/05/10
02/06/2022,Dallis Beefon,Floresta,Electrodomésticos,LG,279146.0,24935,,4,3,12-05-2026
26/02/2022,Barde Benoist,Villa Crespo,Pc Armada,Access,274780.0,19291,2026-05-15,4,1,2026/05/15
03/05/2022,Mufi Panchin,San Nicolás,Equipos De Video,Access,256406.0,22956,,1,2,18-05-2026
25/01/2022,Cecil Apted,Paternal,Electrodomésticos,Synology,287646.0,20343,2026-05-10,4,3,2026/05/10
16/01/2022,Cecil Apted,Floresta,Pc Armada,Samsung,421186.0,21047,,5,1,12-05-2026
25/05/2022,Barde Benoist,Ezeiza,Equipos De Audio,Kensington,399025.0,18616,2026-05-15,2,2,2026/05/15
20/05/2022,Christel Zambonini,Recoleta,Notebook,Vodafone,323255.0,20106,,4,3,18-05-2026
01/04/2022,Humfried Woodberry,Floresta,Equipos De Audio,Conceptronic,447968.0,23004,2026-05-10,5,1,2026/05/10
23/01/2022,Pennie Hess,Ezeiza,Electrodomésticos,Ubiquity,447169.0,24333,,2,2,12-05-2026
20/01/2022,Dorotea Brandolini,Floresta,Pc Armada,Xiaomi,427082.0,19097,2026-05-15,3,3,2026/05/15
13/02/2022,Dallis Beefon,Boedo,Equipos De Audio,Nord,368346.0,20730,,2,1,18-05-2026
23/03/2022,Ursuline Castilla,Palermo,Tv,Toshiba,435689.0,19140,2026-05-10,3,2,2026/05/10
15/03/2022,Humfried Woodberry,Paternal,Notebook,Ubiquity,345167.0,21782,,4,3,12-05-2026
11/01/2022,Humfried Woodberry,Chacarita,Equipos De Audio,Startech,269612.0,16695,2026-05-15,3,1,2026/05/15
08/04/2022,Timmy Ashlin,Ezeiza,Electrodomésticos,Digitus,127975.0,22670,,1,2,18-05-2026
29/03/2022,Em Edmonson,San Martín,Electrodomésticos,Millenium,202562.0,24659,2026-05-10,2,3,2026/05/10
26/04/2022,Juliet Glynne,Chacarita,Equipos De Video,Kensington,390554.0,18202,,4,1,12-05-2026
03/05/2022,Ursuline Castilla,Flores,Tv,Samsung,325313.0,21033,2026-05-15,4,2,2026/05/15
30/03/2022,Ursuline Castilla,Recoleta,Equipos De Video,Ubiquity,175346.0,17796,,2,3,18-05-2026
07/02/2022,Cecil Apted,Flores,Equipos De Audio,Huawei,301564.0,16751,2026-05-10,3,1,2026/05/10
13/04/2022,Barde Benoist,Villa Bosch,Electrodomésticos,Startech,234226.0,21948,,4,2,12-05-2026
05/06/2022,Arvin Bernhardi,Recoleta,Tv,Huawei,306712.0,19794,2026-05-15,3,3,2026/05/15
02/02/2022,Dorotea Brandolini,Avellaneda,Pc Armada,Netgear,189665.0,22912,,5,1,18-05-2026
02/05/2022,Dallis Beefon,Boedo,Pc Armada,Kensington,372412.0,21521,2026-05-10,1,2,2026/05/10
07/05/2022,Cecil Apted,Chacarita,Notebook,Belkin,399865.0,19705,,5,3,12-05-2026
01/04/2022,Dorotea Brandolini,Floresta,Pc Armada,LG,197363.0,19555,2026-05-15,5,1,2026/05/15
18/06/2022,Angelita Lambkin,Villa Crespo,Equipos De Video,Digitus,228189.0,21078,,2,2,18-05-2026
13/01/2022,Dorotea Brandolini,San Martín,Pc Armada,Ubiquity,365072.0,25172,2026-05-10,3,3,2026/05/10
26/03/2022,Humfried Woodberry,Villa Soldati,Pc Armada,Access,432698.0,22234,,4,1,12-05-2026
24/03/2022,Constantine Creeber,Ezpeleta,Electrodomésticos,Toshiba,395294.0,19406,2026-05-15,4,2,2026/05/15
24/01/2022,Angelita Lambkin,San Martín,Equipos De Video,Access,274474.0,21513,,5,3,18-05-2026
15/02/2022,Barde Benoist,Villa Bosch,Notebook,Huawei,393305.0,18520,2026-05-10,2,1,2026/05/10
04/06/2022,Dorotea Brandolini,Ezeiza,Electrodomésticos,Synology,278194.0,18323,,2,2,12-05-2026
22/01/2022,Constantine Creeber,San Nicolás,Equipos De Audio,LG,281092.0,18997,2026-05-15,4,3,2026/05/15
03/05/2022,Cecil Apted,Boedo,Tv,Vodafone,414089.0,22251,,4,1,18-05-2026
05/02/2022,Christel Zambonini,Paternal,Tv,Ubiquity,303938.0,20440,2026-05-10,2,2,2026/05/10
26/04/2022,Timmy Ashlin,Ezeiza,Notebook,LG,214748.0,21525,,5,3,12-05-2026
22/02/2022,Dorotea Brandolini,Paternal,Tv,Engel,183415.0,16696,2026-05-15,1,1,2026/05/15
25/05/2022,Pennie Hess,Paternal,Tv,Vodafone,406622.0,17056,,3,2,18-05-2026
19/05/2022,Christel Zambonini,Villa Crespo,Notebook,Nord,250317.0,24151,2026-05-10,3,3,2026/05/10
14/01/2022,Em Edmonson,Villa Bosch,Tv,Ubiquity,362597.0,23236,,2,1,12-05-2026
18/06/2022,Timmy Ashlin,Paternal,Equipos De Audio,Huawei,390892.0,17051,2026-05-15,1,2,2026/05/15
06/03/2022,Christel Zambonini,San Nicolás,Pc Armada,Access,229582.0,20860,,1,3,18-05-2026
04/01/2022,Dallis Beefon,Boedo,Pc Armada,Nord,396479.0,16909,2026-05-10,2,1,2026/05/10
17/05/2022,Juliet Glynne,Paternal,Electrodomésticos,Nord,400748.0,17302,,2,2,12-05-2026
31/03/2022,Juliet Glynne,San Nicolás,Pc Armada,Millenium,434446.0,18692,2026-05-15,1,3,2026/05/15
18/02/2022,Dallis Beefon,Floresta,Equipos De Audio,Ubiquity,172402.0,21725,,3,1,18-05-2026
08/05/2022,Ursuline Castilla,Ezpeleta,Tv,Access,220101.0,20182,2026-05-10,4,2,2026/05/10
27/04/2022,Angelita Lambkin,San Martín,Pc Armada,Millenium,139995.0,19073,,3,3,12-05-2026
29/01/2022,Dorotea Brandolini,Floresta,Pc Armada,Synology,239793.0,24395,2026-05-15,2,1,2026/05/15
15/05/2022,Constantine Creeber,Ezpeleta,Tv,Xiaomi,177669.0,16572,,5,2,18-05-2026
08/04/2022,Constantine Creeber,Avellaneda,Equipos De Audio,Vodafone,331425.0,24220,2026-05-10,5,3,2026/05/10
08/02/2022,Barde Benoist,Paternal,Pc Armada,Trust,319793.0,22345,,5,1,12-05-2026
11/06/2022,Juliet Glynne,Ezeiza,Pc Armada,Toshiba,277313.0,20544,2026-05-15,2,2,2026/05/15
06/04/2022,Pennie Hess,Boedo,Tv,Conceptronic,365196.0,17729,,4,3,18-05-2026
27/06/2022,Angelita Lambkin,San Martín,Equipos De Video,Engel,138937.0,22934,2026-05-10,5,1,2026/05/10
24/02/2022,Em Edmonson,Recoleta,Notebook,Access,162269.0,24021,,4,2,12-05-2026
14/03/2022,Arvin Bernhardi,San Nicolás,Equipos De Video,Wacom,294393.0,24105,2026-05-15,4,3,2026/05/15
06/01/2022,Dallis Beefon,Ezpeleta,Equipos De Audio,Access,143381.0,20486,,4,1,18-05-2026
09/05/2022,Barde Benoist,Villa Bosch,Tv,Huawei,251988.0,23644,2026-05-10,1,2,2026/05/10
10/01/2022,Timmy Ashlin,Villa Crespo,Equipos De Audio,LG,362340.0,18212,,5,3,12-05-2026
30/03/2022,Em Edmonson,Villa Crespo,Notebook,Vodafone,203646.0,16606,2026-05-15,5,1,2026/05/15
14/01/2022,Christel Zambonini,Avellaneda,Equipos De Video,Engel,117618.0,19180,,5,2,18-05-2026
24/01/2022,Dallis Beefon,Avellaneda,Equipos De Audio,Xiaomi,256607.0,19295,2026-05-10,4,3,2026/05/10
25/05/2022,Christel Zambonini,Ezpeleta,Equipos De Audio,Engel,324087.0,22224,,5,1,12-05-2026
27/04/2022,Humfried Woodberry,Paternal,Electrodomésticos,Samsonite,383750.0,19731,2026-05-15,5,2,2026/05/15
12/02/2022,Christel Zambonini,Villa Bosch,Notebook,Vodafone,449320.0,20214,,5,3,18-05-2026
14/05/2022,Angelita Lambkin,Villa Crespo,Tv,Xiaomi,211587.0,19607,2026-05-10,2,1,2026/05/10
11/04/2022,Arvin Bernhardi,Villa Soldati,Equipos De Audio,Huawei,402531.0,19511,,2,2,12-05-2026
11/02/2022,Constantine Creeber,Villa Soldati,Tv,Wacom,414472.0,18837,2026-05-15,1,3,2026/05/15
18/02/2022,Em Edmonson,Ezpeleta,Notebook,LG,357965.0,21734,,3,1,18-05-2026
16/06/2022,Timmy Ashlin,Flores,Pc Armada,Samsung,401091.0,21919,2026-05-10,2,2,2026/05/10
10/04/2022,Cecil Apted,Ezpeleta,Notebook,Huawei,251452.0,23109,,1,3,12-05-2026
25/01/2022,Pennie Hess,Avellaneda,Pc Armada,Xiaomi,145780.0,25234,2026-05-15,3,1,2026/05/15
28/04/2022,Christel Zambonini,Flores,Equipos De Audio,Belkin,114617.0,20556,,1,2,18-05-2026
19/01/2022,Mufi Panchin,Recoleta,Pc Armada,Xiaomi,265057.0,23069,2026-05-10,3,3,2026/05/10
05/06/2022,Dallis Beefon,Ezpeleta,Equipos De Video,Kensington,121426.0,21204,,3,1,12-05-2026
29/01/2022,Cecil Apted,Villa Bosch,Pc Armada,Samsonite,340546.0,22225,2026-05-15,5,2,2026/05/15
12/02/2022,Constantine Creeber,Floresta,Electrodomésticos,Samsonite,408782.0,20349,,4,3,18-05-2026
03/05/2022,Dorotea Brandolini,San Nicolás,Pc Armada,Access,151411.0,18316,2026-05-10,5,1,2026/05/10
20/02/2022,Dallis Beefon,Palermo,Pc Armada,LG,132253.0,16748,,2,2,12-05-2026
22/06/2022,Dorotea Brandolini,Paternal,Electrodomésticos,Access,211315.0,19541,2026-05-15,2,3,2026/05/15
10/02/2022,Timmy Ashlin,Palermo,Pc Armada,Access,146634.0,17150,,1,1,18-05-2026
16/06/2022,Barde Benoist,Ezpeleta,Electrodomésticos,Huawei,269829.0,19042,2026-05-10,1,2,2026/05/10
17/06/2022,Timmy Ashlin,Floresta,Electrodomésticos,Kensington,132077.0,20401,,3,3,12-05-2026
01/01/2022,Constantine Creeber,Floresta,Equipos De Video,Conceptronic,264834.0,21140,2026-05-15,4,1,2026/05/15
15/02/2022,Constantine Creeber,Avellaneda,Pc Armada,Wacom,146856.0,17191,,1,2,18-05-2026
19/02/2022,Cecil Apted,San Martín,Tv,Digitus,245869.0,22186,2026-05-10,3,3,2026/05/10
27/04/2022,Cecil Apted,Avellaneda,Equipos De Video,Ubiquity,264471.0,19787,,5,1,12-05-2026
19/04/2022,Cecil Apted,Ezpeleta,Equipos De Audio,Huawei,120654.0,16696,2026-05-15,5,2,2026/05/15
30/01/2022,Angelita Lambkin,San Nicolás,Equipos De Video,Access,163927.0,20933,,1,3,18-05-2026
28/05/2022,Em Edmonson,Floresta,Equipos De Video,Ubiquity,368788.0,20758,2026-05-10,2,1,2026/05/10
13/02/2022,Arvin Bernhardi,Boedo,Equipos De Video,LG,258935.0,21330,,5,2,12-05-2026
31/01/2022,Humfried Woodberry,San Martín,Tv,Millenium,395583.0,17743,2026-05-15,1,3,2026/05/15
18/05/2022,Barde Benoist,Ezeiza,Notebook,Xiaomi,313634.0,23430,,4,1,18-05-2026
